Torneio 1,1,1019-05-07T22:15:27.675153Z,2999-09-07T22:15:27.675153Z
Torneio 2,1,1020-05-07T22:15:27.675153Z,3000-09-07T22:15:27.675153Z
Torneio 3,1,1021-05-07T22:15:27.675153Z,3001-09-07T22:15:27.675153Z
Torneio 4,1,1022-05-07T22:15:27.675153Z,3002-09-07T22:15:27.675153Z
Torneio 5,1,1023-05-07T22:15:27.675153Z,3003-09-07T22:15:27.675153Z
Torneio 6,1,1024-05-07T22:15:27.675153Z,3004-09-07T22:15:27.675153Z
Torneio 7,1,1025-05-07T22:15:27.675153Z,3005-09-07T22:15:27.675153Z
Torneio 8,1,1026-05-07T22:15:27.675153Z,3006-09-07T22:15:27.675153Z
Torneio 9,1,1027-05-07T22:15:27.675153Z,3007-09-07T22:15:27.675153Z
Torneio 10,1,1028-05-07T22:15:27.675153Z,3008-09-07T22:15:27.675153Z
Torneio 11,1,1029-05-07T22:15:27.675153Z,3009-09-07T22:15:27.675153Z
Torneio 12,1,1030-05-07T22:15:27.675153Z,3010-09-07T22:15:27.675153Z
Torneio 13,1,1031-05-07T22:15:27.675153Z,3011-09-07T22:15:27.675153Z
Torneio 14,1,1032-05-07T22:15:27.675153Z,3012-09-07T22:15:27.675153Z
Torneio 15,1,1033-05-07T22:15:27.675153Z,3013-09-07T22:15:27.675153Z
Torneio 16,1,1034-05-07T22:15:27.675153Z,3014-09-07T22:15:27.675153Z
Torneio 17,1,1035-05-07T22:15:27.675153Z,3015-09-07T22:15:27.675153Z
Torneio 18,1,1036-05-07T22:15:27.675153Z,3016-09-07T22:15:27.675153Z
Torneio 19,1,1037-05-07T22:15:27.675153Z,3017-09-07T22:15:27.675153Z
Torneio 20,1,1038-05-07T22:15:27.675153Z,3018-09-07T22:15:27.675153Z
Torneio 21,1,1039-05-07T22:15:27.675153Z,3019-09-07T22:15:27.675153Z
Torneio 22,1,1040-05-07T22:15:27.675153Z,3020-09-07T22:15:27.675153Z
Torneio 23,1,1041-05-07T22:15:27.675153Z,3021-09-07T22:15:27.675153Z
Torneio 24,1,1042-05-07T22:15:27.675153Z,3022-09-07T22:15:27.675153Z
Torneio 25,1,1043-05-07T22:15:27.675153Z,3023-09-07T22:15:27.675153Z
Torneio 26,1,1044-05-07T22:15:27.675153Z,3024-09-07T22:15:27.675153Z
Torneio 27,1,1045-05-07T22:15:27.675153Z,3025-09-07T22:15:27.675153Z
Torneio 28,1,1046-05-07T22:15:27.675153Z,3026-09-07T22:15:27.675153Z
Torneio 29,1,1047-05-07T22:15:27.675153Z,3027-09-07T22:15:27.675153Z
Torneio 30,1,1048-05-07T22:15:27.675153Z,3028-09-07T22:15:27.675153Z
Torneio 31,1,1049-05-07T22:15:27.675153Z,3029-09-07T22:15:27.675153Z
Torneio 32,1,1050-05-07T22:15:27.675153Z,3030-09-07T22:15:27.675153Z
Torneio 33,1,1051-05-07T22:15:27.675153Z,3031-09-07T22:15:27.675153Z
Torneio 34,1,1052-05-07T22:15:27.675153Z,3032-09-07T22:15:27.675153Z
Torneio 35,1,1053-05-07T22:15:27.675153Z,3033-09-07T22:15:27.675153Z
Torneio 36,1,1054-05-07T22:15:27.675153Z,3034-09-07T22:15:27.675153Z
Torneio 37,1,1055-05-07T22:15:27.675153Z,3035-09-07T22:15:27.675153Z
Torneio 38,1,1056-05-07T22:15:27.675153Z,3036-09-07T22:15:27.675153Z
Torneio 39,1,1057-05-07T22:15:27.675153Z,3037-09-07T22:15:27.675153Z
Torneio 40,1,1058-05-07T22:15:27.675153Z,3038-09-07T22:15:27.675153Z
Torneio 41,1,1059-05-07T22:15:27.675153Z,3039-09-07T22:15:27.675153Z
Torneio 42,1,1060-05-07T22:15:27.675153Z,3040-09-07T22:15:27.675153Z
Torneio 43,1,1061-05-07T22:15:27.675153Z,3041-09-07T22:15:27.675153Z
Torneio 44,1,1062-05-07T22:15:27.675153Z,3042-09-07T22:15:27.675153Z
Torneio 45,1,1063-05-07T22:15:27.675153Z,3043-09-07T22:15:27.675153Z
Torneio 46,1,1064-05-07T22:15:27.675153Z,3044-09-07T22:15:27.675153Z
Torneio 47,1,1065-05-07T22:15:27.675153Z,3045-09-07T22:15:27.675153Z
Torneio 48,1,1066-05-07T22:15:27.675153Z,3046-09-07T22:15:27.675153Z
Torneio 49,1,1067-05-07T22:15:27.675153Z,3047-09-07T22:15:27.675153Z
Torneio 50,1,1068-05-07T22:15:27.675153Z,3048-09-07T22:15:27.675153Z
Torneio 51,1,1069-05-07T22:15:27.675153Z,3049-09-07T22:15:27.675153Z
Torneio 52,1,1070-05-07T22:15:27.675153Z,3050-09-07T22:15:27.675153Z
Torneio 53,1,1071-05-07T22:15:27.675153Z,3051-09-07T22:15:27.675153Z
Torneio 54,1,1072-05-07T22:15:27.675153Z,3052-09-07T22:15:27.675153Z
Torneio 55,1,1073-05-07T22:15:27.675153Z,3053-09-07T22:15:27.675153Z
Torneio 56,1,1074-05-07T22:15:27.675153Z,3054-09-07T22:15:27.675153Z
Torneio 57,1,1075-05-07T22:15:27.675153Z,3055-09-07T22:15:27.675153Z
Torneio 58,1,1076-05-07T22:15:27.675153Z,3056-09-07T22:15:27.675153Z
Torneio 59,1,1077-05-07T22:15:27.675153Z,3057-09-07T22:15:27.675153Z
Torneio 60,1,1078-05-07T22:15:27.675153Z,3058-09-07T22:15:27.675153Z
Torneio 61,1,1079-05-07T22:15:27.675153Z,3059-09-07T22:15:27.675153Z
Torneio 62,1,1080-05-07T22:15:27.675153Z,3060-09-07T22:15:27.675153Z
Torneio 63,1,1081-05-07T22:15:27.675153Z,3061-09-07T22:15:27.675153Z
Torneio 64,1,1082-05-07T22:15:27.675153Z,3062-09-07T22:15:27.675153Z
Torneio 65,1,1083-05-07T22:15:27.675153Z,3063-09-07T22:15:27.675153Z
Torneio 66,1,1084-05-07T22:15:27.675153Z,3064-09-07T22:15:27.675153Z
Torneio 67,1,1085-05-07T22:15:27.675153Z,3065-09-07T22:15:27.675153Z
Torneio 68,1,1086-05-07T22:15:27.675153Z,3066-09-07T22:15:27.675153Z
Torneio 69,1,1087-05-07T22:15:27.675153Z,3067-09-07T22:15:27.675153Z
Torneio 70,1,1088-05-07T22:15:27.675153Z,3068-09-07T22:15:27.675153Z
Torneio 71,1,1089-05-07T22:15:27.675153Z,3069-09-07T22:15:27.675153Z
Torneio 72,1,1090-05-07T22:15:27.675153Z,3070-09-07T22:15:27.675153Z
Torneio 73,1,1091-05-07T22:15:27.675153Z,3071-09-07T22:15:27.675153Z
Torneio 74,1,1092-05-07T22:15:27.675153Z,3072-09-07T22:15:27.675153Z
Torneio 75,1,1093-05-07T22:15:27.675153Z,3073-09-07T22:15:27.675153Z
Torneio 76,1,1094-05-07T22:15:27.675153Z,3074-09-07T22:15:27.675153Z
Torneio 77,1,1095-05-07T22:15:27.675153Z,3075-09-07T22:15:27.675153Z
Torneio 78,1,1096-05-07T22:15:27.675153Z,3076-09-07T22:15:27.675153Z
Torneio 79,1,1097-05-07T22:15:27.675153Z,3077-09-07T22:15:27.675153Z
Torneio 80,1,1098-05-07T22:15:27.675153Z,3078-09-07T22:15:27.675153Z
Torneio 81,1,1099-05-07T22:15:27.675153Z,3079-09-07T22:15:27.675153Z
Torneio 82,1,1100-05-07T22:15:27.675153Z,3080-09-07T22:15:27.675153Z
Torneio 83,1,1101-05-07T22:15:27.675153Z,3081-09-07T22:15:27.675153Z
Torneio 84,1,1102-05-07T22:15:27.675153Z,3082-09-07T22:15:27.675153Z
Torneio 85,1,1103-05-07T22:15:27.675153Z,3083-09-07T22:15:27.675153Z
Torneio 86,1,1104-05-07T22:15:27.675153Z,3084-09-07T22:15:27.675153Z
Torneio 87,1,1105-05-07T22:15:27.675153Z,3085-09-07T22:15:27.675153Z
Torneio 88,1,1106-05-07T22:15:27.675153Z,3086-09-07T22:15:27.675153Z
Torneio 89,1,1107-05-07T22:15:27.675153Z,3087-09-07T22:15:27.675153Z
Torneio 90,1,1108-05-07T22:15:27.675153Z,3088-09-07T22:15:27.675153Z
Torneio 91,1,1109-05-07T22:15:27.675153Z,3089-09-07T22:15:27.675153Z
Torneio 92,1,1110-05-07T22:15:27.675153Z,3090-09-07T22:15:27.675153Z
Torneio 93,1,1111-05-07T22:15:27.675153Z,3091-09-07T22:15:27.675153Z
Torneio 94,1,1112-05-07T22:15:27.675153Z,3092-09-07T22:15:27.675153Z
Torneio 95,1,1113-05-07T22:15:27.675153Z,3093-09-07T22:15:27.675153Z
Torneio 96,1,1114-05-07T22:15:27.675153Z,3094-09-07T22:15:27.675153Z
Torneio 97,1,1115-05-07T22:15:27.675153Z,3095-09-07T22:15:27.675153Z
Torneio 98,1,1116-05-07T22:15:27.675153Z,3096-09-07T22:15:27.675153Z
Torneio 99,1,1117-05-07T22:15:27.675153Z,3097-09-07T22:15:27.675153Z
Torneio 100,1,1118-05-07T22:15:27.675153Z,3098-09-07T22:15:27.675153Z
Torneio 101,1,1119-05-07T22:15:27.675153Z,3099-09-07T22:15:27.675153Z
Torneio 102,1,1120-05-07T22:15:27.675153Z,3100-09-07T22:15:27.675153Z
Torneio 103,1,1121-05-07T22:15:27.675153Z,3101-09-07T22:15:27.675153Z
Torneio 104,1,1122-05-07T22:15:27.675153Z,3102-09-07T22:15:27.675153Z
Torneio 105,1,1123-05-07T22:15:27.675153Z,3103-09-07T22:15:27.675153Z
Torneio 106,1,1124-05-07T22:15:27.675153Z,3104-09-07T22:15:27.675153Z
Torneio 107,1,1125-05-07T22:15:27.675153Z,3105-09-07T22:15:27.675153Z
Torneio 108,1,1126-05-07T22:15:27.675153Z,3106-09-07T22:15:27.675153Z
Torneio 109,1,1127-05-07T22:15:27.675153Z,3107-09-07T22:15:27.675153Z
Torneio 110,1,1128-05-07T22:15:27.675153Z,3108-09-07T22:15:27.675153Z
Torneio 111,1,1129-05-07T22:15:27.675153Z,3109-09-07T22:15:27.675153Z
Torneio 112,1,1130-05-07T22:15:27.675153Z,3110-09-07T22:15:27.675153Z
Torneio 113,1,1131-05-07T22:15:27.675153Z,3111-09-07T22:15:27.675153Z
Torneio 114,1,1132-05-07T22:15:27.675153Z,3112-09-07T22:15:27.675153Z
Torneio 115,1,1133-05-07T22:15:27.675153Z,3113-09-07T22:15:27.675153Z
Torneio 116,1,1134-05-07T22:15:27.675153Z,3114-09-07T22:15:27.675153Z
Torneio 117,1,1135-05-07T22:15:27.675153Z,3115-09-07T22:15:27.675153Z
Torneio 118,1,1136-05-07T22:15:27.675153Z,3116-09-07T22:15:27.675153Z
Torneio 119,1,1137-05-07T22:15:27.675153Z,3117-09-07T22:15:27.675153Z
Torneio 120,1,1138-05-07T22:15:27.675153Z,3118-09-07T22:15:27.675153Z
Torneio 121,1,1139-05-07T22:15:27.675153Z,3119-09-07T22:15:27.675153Z
Torneio 122,1,1140-05-07T22:15:27.675153Z,3120-09-07T22:15:27.675153Z
Torneio 123,1,1141-05-07T22:15:27.675153Z,3121-09-07T22:15:27.675153Z
Torneio 124,1,1142-05-07T22:15:27.675153Z,3122-09-07T22:15:27.675153Z
Torneio 125,1,1143-05-07T22:15:27.675153Z,3123-09-07T22:15:27.675153Z
Torneio 126,1,1144-05-07T22:15:27.675153Z,3124-09-07T22:15:27.675153Z
Torneio 127,1,1145-05-07T22:15:27.675153Z,3125-09-07T22:15:27.675153Z
Torneio 128,1,1146-05-07T22:15:27.675153Z,3126-09-07T22:15:27.675153Z
Torneio 129,1,1147-05-07T22:15:27.675153Z,3127-09-07T22:15:27.675153Z
Torneio 130,1,1148-05-07T22:15:27.675153Z,3128-09-07T22:15:27.675153Z
Torneio 131,1,1149-05-07T22:15:27.675153Z,3129-09-07T22:15:27.675153Z
Torneio 132,1,1150-05-07T22:15:27.675153Z,3130-09-07T22:15:27.675153Z
Torneio 133,1,1151-05-07T22:15:27.675153Z,3131-09-07T22:15:27.675153Z
Torneio 134,1,1152-05-07T22:15:27.675153Z,3132-09-07T22:15:27.675153Z
Torneio 135,1,1153-05-07T22:15:27.675153Z,3133-09-07T22:15:27.675153Z
Torneio 136,1,1154-05-07T22:15:27.675153Z,3134-09-07T22:15:27.675153Z
Torneio 137,1,1155-05-07T22:15:27.675153Z,3135-09-07T22:15:27.675153Z
Torneio 138,1,1156-05-07T22:15:27.675153Z,3136-09-07T22:15:27.675153Z
Torneio 139,1,1157-05-07T22:15:27.675153Z,3137-09-07T22:15:27.675153Z
Torneio 140,1,1158-05-07T22:15:27.675153Z,3138-09-07T22:15:27.675153Z
Torneio 141,1,1159-05-07T22:15:27.675153Z,3139-09-07T22:15:27.675153Z
Torneio 142,1,1160-05-07T22:15:27.675153Z,3140-09-07T22:15:27.675153Z
Torneio 143,1,1161-05-07T22:15:27.675153Z,3141-09-07T22:15:27.675153Z
Torneio 144,1,1162-05-07T22:15:27.675153Z,3142-09-07T22:15:27.675153Z
Torneio 145,1,1163-05-07T22:15:27.675153Z,3143-09-07T22:15:27.675153Z
Torneio 146,1,1164-05-07T22:15:27.675153Z,3144-09-07T22:15:27.675153Z
Torneio 147,1,1165-05-07T22:15:27.675153Z,3145-09-07T22:15:27.675153Z
Torneio 148,1,1166-05-07T22:15:27.675153Z,3146-09-07T22:15:27.675153Z
Torneio 149,1,1167-05-07T22:15:27.675153Z,3147-09-07T22:15:27.675153Z
Torneio 150,1,1168-05-07T22:15:27.675153Z,3148-09-07T22:15:27.675153Z
Torneio 151,1,1169-05-07T22:15:27.675153Z,3149-09-07T22:15:27.675153Z
Torneio 152,1,1170-05-07T22:15:27.675153Z,3150-09-07T22:15:27.675153Z
Torneio 153,1,1171-05-07T22:15:27.675153Z,3151-09-07T22:15:27.675153Z
Torneio 154,1,1172-05-07T22:15:27.675153Z,3152-09-07T22:15:27.675153Z
Torneio 155,1,1173-05-07T22:15:27.675153Z,3153-09-07T22:15:27.675153Z
Torneio 156,1,1174-05-07T22:15:27.675153Z,3154-09-07T22:15:27.675153Z
Torneio 157,1,1175-05-07T22:15:27.675153Z,3155-09-07T22:15:27.675153Z
Torneio 158,1,1176-05-07T22:15:27.675153Z,3156-09-07T22:15:27.675153Z
Torneio 159,1,1177-05-07T22:15:27.675153Z,3157-09-07T22:15:27.675153Z
Torneio 160,1,1178-05-07T22:15:27.675153Z,3158-09-07T22:15:27.675153Z
Torneio 161,1,1179-05-07T22:15:27.675153Z,3159-09-07T22:15:27.675153Z
Torneio 162,1,1180-05-07T22:15:27.675153Z,3160-09-07T22:15:27.675153Z
Torneio 163,1,1181-05-07T22:15:27.675153Z,3161-09-07T22:15:27.675153Z
Torneio 164,1,1182-05-07T22:15:27.675153Z,3162-09-07T22:15:27.675153Z
Torneio 165,1,1183-05-07T22:15:27.675153Z,3163-09-07T22:15:27.675153Z
Torneio 166,1,1184-05-07T22:15:27.675153Z,3164-09-07T22:15:27.675153Z
Torneio 167,1,1185-05-07T22:15:27.675153Z,3165-09-07T22:15:27.675153Z
Torneio 168,1,1186-05-07T22:15:27.675153Z,3166-09-07T22:15:27.675153Z
Torneio 169,1,1187-05-07T22:15:27.675153Z,3167-09-07T22:15:27.675153Z
Torneio 170,1,1188-05-07T22:15:27.675153Z,3168-09-07T22:15:27.675153Z
Torneio 171,1,1189-05-07T22:15:27.675153Z,3169-09-07T22:15:27.675153Z
Torneio 172,1,1190-05-07T22:15:27.675153Z,3170-09-07T22:15:27.675153Z
Torneio 173,1,1191-05-07T22:15:27.675153Z,3171-09-07T22:15:27.675153Z
Torneio 174,1,1192-05-07T22:15:27.675153Z,3172-09-07T22:15:27.675153Z
Torneio 175,1,1193-05-07T22:15:27.675153Z,3173-09-07T22:15:27.675153Z
Torneio 176,1,1194-05-07T22:15:27.675153Z,3174-09-07T22:15:27.675153Z
Torneio 177,1,1195-05-07T22:15:27.675153Z,3175-09-07T22:15:27.675153Z
Torneio 178,1,1196-05-07T22:15:27.675153Z,3176-09-07T22:15:27.675153Z
Torneio 179,1,1197-05-07T22:15:27.675153Z,3177-09-07T22:15:27.675153Z
Torneio 180,1,1198-05-07T22:15:27.675153Z,3178-09-07T22:15:27.675153Z
Torneio 181,1,1199-05-07T22:15:27.675153Z,3179-09-07T22:15:27.675153Z
Torneio 182,1,1200-05-07T22:15:27.675153Z,3180-09-07T22:15:27.675153Z
Torneio 183,1,1201-05-07T22:15:27.675153Z,3181-09-07T22:15:27.675153Z
Torneio 184,1,1202-05-07T22:15:27.675153Z,3182-09-07T22:15:27.675153Z
Torneio 185,1,1203-05-07T22:15:27.675153Z,3183-09-07T22:15:27.675153Z
Torneio 186,1,1204-05-07T22:15:27.675153Z,3184-09-07T22:15:27.675153Z
Torneio 187,1,1205-05-07T22:15:27.675153Z,3185-09-07T22:15:27.675153Z
Torneio 188,1,1206-05-07T22:15:27.675153Z,3186-09-07T22:15:27.675153Z
Torneio 189,1,1207-05-07T22:15:27.675153Z,3187-09-07T22:15:27.675153Z
Torneio 190,1,1208-05-07T22:15:27.675153Z,3188-09-07T22:15:27.675153Z
Torneio 191,1,1209-05-07T22:15:27.675153Z,3189-09-07T22:15:27.675153Z
Torneio 192,1,1210-05-07T22:15:27.675153Z,3190-09-07T22:15:27.675153Z
Torneio 193,1,1211-05-07T22:15:27.675153Z,3191-09-07T22:15:27.675153Z
Torneio 194,1,1212-05-07T22:15:27.675153Z,3192-09-07T22:15:27.675153Z
Torneio 195,1,1213-05-07T22:15:27.675153Z,3193-09-07T22:15:27.675153Z
Torneio 196,1,1214-05-07T22:15:27.675153Z,3194-09-07T22:15:27.675153Z
Torneio 197,1,1215-05-07T22:15:27.675153Z,3195-09-07T22:15:27.675153Z
Torneio 198,1,1216-05-07T22:15:27.675153Z,3196-09-07T22:15:27.675153Z
Torneio 199,1,1217-05-07T22:15:27.675153Z,3197-09-07T22:15:27.675153Z
Torneio 200,1,1218-05-07T22:15:27.675153Z,3198-09-07T22:15:27.675153Z
Torneio 201,1,1219-05-07T22:15:27.675153Z,3199-09-07T22:15:27.675153Z
Torneio 202,1,1220-05-07T22:15:27.675153Z,3200-09-07T22:15:27.675153Z
Torneio 203,1,1221-05-07T22:15:27.675153Z,3201-09-07T22:15:27.675153Z
Torneio 204,1,1222-05-07T22:15:27.675153Z,3202-09-07T22:15:27.675153Z
Torneio 205,1,1223-05-07T22:15:27.675153Z,3203-09-07T22:15:27.675153Z
Torneio 206,1,1224-05-07T22:15:27.675153Z,3204-09-07T22:15:27.675153Z
Torneio 207,1,1225-05-07T22:15:27.675153Z,3205-09-07T22:15:27.675153Z
Torneio 208,1,1226-05-07T22:15:27.675153Z,3206-09-07T22:15:27.675153Z
Torneio 209,1,1227-05-07T22:15:27.675153Z,3207-09-07T22:15:27.675153Z
Torneio 210,1,1228-05-07T22:15:27.675153Z,3208-09-07T22:15:27.675153Z
Torneio 211,1,1229-05-07T22:15:27.675153Z,3209-09-07T22:15:27.675153Z
Torneio 212,1,1230-05-07T22:15:27.675153Z,3210-09-07T22:15:27.675153Z
Torneio 213,1,1231-05-07T22:15:27.675153Z,3211-09-07T22:15:27.675153Z
Torneio 214,1,1232-05-07T22:15:27.675153Z,3212-09-07T22:15:27.675153Z
Torneio 215,1,1233-05-07T22:15:27.675153Z,3213-09-07T22:15:27.675153Z
Torneio 216,1,1234-05-07T22:15:27.675153Z,3214-09-07T22:15:27.675153Z
Torneio 217,1,1235-05-07T22:15:27.675153Z,3215-09-07T22:15:27.675153Z
Torneio 218,1,1236-05-07T22:15:27.675153Z,3216-09-07T22:15:27.675153Z
Torneio 219,1,1237-05-07T22:15:27.675153Z,3217-09-07T22:15:27.675153Z
Torneio 220,1,1238-05-07T22:15:27.675153Z,3218-09-07T22:15:27.675153Z
Torneio 221,1,1239-05-07T22:15:27.675153Z,3219-09-07T22:15:27.675153Z
Torneio 222,1,1240-05-07T22:15:27.675153Z,3220-09-07T22:15:27.675153Z
Torneio 223,1,1241-05-07T22:15:27.675153Z,3221-09-07T22:15:27.675153Z
Torneio 224,1,1242-05-07T22:15:27.675153Z,3222-09-07T22:15:27.675153Z
Torneio 225,1,1243-05-07T22:15:27.675153Z,3223-09-07T22:15:27.675153Z
Torneio 226,1,1244-05-07T22:15:27.675153Z,3224-09-07T22:15:27.675153Z
Torneio 227,1,1245-05-07T22:15:27.675153Z,3225-09-07T22:15:27.675153Z
Torneio 228,1,1246-05-07T22:15:27.675153Z,3226-09-07T22:15:27.675153Z
Torneio 229,1,1247-05-07T22:15:27.675153Z,3227-09-07T22:15:27.675153Z
Torneio 230,1,1248-05-07T22:15:27.675153Z,3228-09-07T22:15:27.675153Z
Torneio 231,1,1249-05-07T22:15:27.675153Z,3229-09-07T22:15:27.675153Z
Torneio 232,1,1250-05-07T22:15:27.675153Z,3230-09-07T22:15:27.675153Z
Torneio 233,1,1251-05-07T22:15:27.675153Z,3231-09-07T22:15:27.675153Z
Torneio 234,1,1252-05-07T22:15:27.675153Z,3232-09-07T22:15:27.675153Z
Torneio 235,1,1253-05-07T22:15:27.675153Z,3233-09-07T22:15:27.675153Z
Torneio 236,1,1254-05-07T22:15:27.675153Z,3234-09-07T22:15:27.675153Z
Torneio 237,1,1255-05-07T22:15:27.675153Z,3235-09-07T22:15:27.675153Z
Torneio 238,1,1256-05-07T22:15:27.675153Z,3236-09-07T22:15:27.675153Z
Torneio 239,1,1257-05-07T22:15:27.675153Z,3237-09-07T22:15:27.675153Z
Torneio 240,1,1258-05-07T22:15:27.675153Z,3238-09-07T22:15:27.675153Z
Torneio 241,1,1259-05-07T22:15:27.675153Z,3239-09-07T22:15:27.675153Z
Torneio 242,1,1260-05-07T22:15:27.675153Z,3240-09-07T22:15:27.675153Z
Torneio 243,1,1261-05-07T22:15:27.675153Z,3241-09-07T22:15:27.675153Z
Torneio 244,1,1262-05-07T22:15:27.675153Z,3242-09-07T22:15:27.675153Z
Torneio 245,1,1263-05-07T22:15:27.675153Z,3243-09-07T22:15:27.675153Z
Torneio 246,1,1264-05-07T22:15:27.675153Z,3244-09-07T22:15:27.675153Z
Torneio 247,1,1265-05-07T22:15:27.675153Z,3245-09-07T22:15:27.675153Z
Torneio 248,1,1266-05-07T22:15:27.675153Z,3246-09-07T22:15:27.675153Z
Torneio 249,1,1267-05-07T22:15:27.675153Z,3247-09-07T22:15:27.675153Z
Torneio 250,1,1268-05-07T22:15:27.675153Z,3248-09-07T22:15:27.675153Z
Torneio 251,1,1269-05-07T22:15:27.675153Z,3249-09-07T22:15:27.675153Z
Torneio 252,1,1270-05-07T22:15:27.675153Z,3250-09-07T22:15:27.675153Z
Torneio 253,1,1271-05-07T22:15:27.675153Z,3251-09-07T22:15:27.675153Z
Torneio 254,1,1272-05-07T22:15:27.675153Z,3252-09-07T22:15:27.675153Z
Torneio 255,1,1273-05-07T22:15:27.675153Z,3253-09-07T22:15:27.675153Z
Torneio 256,1,1274-05-07T22:15:27.675153Z,3254-09-07T22:15:27.675153Z
Torneio 257,1,1275-05-07T22:15:27.675153Z,3255-09-07T22:15:27.675153Z
Torneio 258,1,1276-05-07T22:15:27.675153Z,3256-09-07T22:15:27.675153Z
Torneio 259,1,1277-05-07T22:15:27.675153Z,3257-09-07T22:15:27.675153Z
Torneio 260,1,1278-05-07T22:15:27.675153Z,3258-09-07T22:15:27.675153Z
Torneio 261,1,1279-05-07T22:15:27.675153Z,3259-09-07T22:15:27.675153Z
Torneio 262,1,1280-05-07T22:15:27.675153Z,3260-09-07T22:15:27.675153Z
Torneio 263,1,1281-05-07T22:15:27.675153Z,3261-09-07T22:15:27.675153Z
Torneio 264,1,1282-05-07T22:15:27.675153Z,3262-09-07T22:15:27.675153Z
Torneio 265,1,1283-05-07T22:15:27.675153Z,3263-09-07T22:15:27.675153Z
Torneio 266,1,1284-05-07T22:15:27.675153Z,3264-09-07T22:15:27.675153Z
Torneio 267,1,1285-05-07T22:15:27.675153Z,3265-09-07T22:15:27.675153Z
Torneio 268,1,1286-05-07T22:15:27.675153Z,3266-09-07T22:15:27.675153Z
Torneio 269,1,1287-05-07T22:15:27.675153Z,3267-09-07T22:15:27.675153Z
Torneio 270,1,1288-05-07T22:15:27.675153Z,3268-09-07T22:15:27.675153Z
Torneio 271,1,1289-05-07T22:15:27.675153Z,3269-09-07T22:15:27.675153Z
Torneio 272,1,1290-05-07T22:15:27.675153Z,3270-09-07T22:15:27.675153Z
Torneio 273,1,1291-05-07T22:15:27.675153Z,3271-09-07T22:15:27.675153Z
Torneio 274,1,1292-05-07T22:15:27.675153Z,3272-09-07T22:15:27.675153Z
Torneio 275,1,1293-05-07T22:15:27.675153Z,3273-09-07T22:15:27.675153Z
Torneio 276,1,1294-05-07T22:15:27.675153Z,3274-09-07T22:15:27.675153Z
Torneio 277,1,1295-05-07T22:15:27.675153Z,3275-09-07T22:15:27.675153Z
Torneio 278,1,1296-05-07T22:15:27.675153Z,3276-09-07T22:15:27.675153Z
Torneio 279,1,1297-05-07T22:15:27.675153Z,3277-09-07T22:15:27.675153Z
Torneio 280,1,1298-05-07T22:15:27.675153Z,3278-09-07T22:15:27.675153Z
Torneio 281,1,1299-05-07T22:15:27.675153Z,3279-09-07T22:15:27.675153Z
Torneio 282,1,1300-05-07T22:15:27.675153Z,3280-09-07T22:15:27.675153Z
Torneio 283,1,1301-05-07T22:15:27.675153Z,3281-09-07T22:15:27.675153Z
Torneio 284,1,1302-05-07T22:15:27.675153Z,3282-09-07T22:15:27.675153Z
Torneio 285,1,1303-05-07T22:15:27.675153Z,3283-09-07T22:15:27.675153Z
Torneio 286,1,1304-05-07T22:15:27.675153Z,3284-09-07T22:15:27.675153Z
Torneio 287,1,1305-05-07T22:15:27.675153Z,3285-09-07T22:15:27.675153Z
Torneio 288,1,1306-05-07T22:15:27.675153Z,3286-09-07T22:15:27.675153Z
Torneio 289,1,1307-05-07T22:15:27.675153Z,3287-09-07T22:15:27.675153Z
Torneio 290,1,1308-05-07T22:15:27.675153Z,3288-09-07T22:15:27.675153Z
Torneio 291,1,1309-05-07T22:15:27.675153Z,3289-09-07T22:15:27.675153Z
Torneio 292,1,1310-05-07T22:15:27.675153Z,3290-09-07T22:15:27.675153Z
Torneio 293,1,1311-05-07T22:15:27.675153Z,3291-09-07T22:15:27.675153Z
Torneio 294,1,1312-05-07T22:15:27.675153Z,3292-09-07T22:15:27.675153Z
Torneio 295,1,1313-05-07T22:15:27.675153Z,3293-09-07T22:15:27.675153Z
Torneio 296,1,1314-05-07T22:15:27.675153Z,3294-09-07T22:15:27.675153Z
Torneio 297,1,1315-05-07T22:15:27.675153Z,3295-09-07T22:15:27.675153Z
Torneio 298,1,1316-05-07T22:15:27.675153Z,3296-09-07T22:15:27.675153Z
Torneio 299,1,1317-05-07T22:15:27.675153Z,3297-09-07T22:15:27.675153Z
Torneio 300,1,1318-05-07T22:15:27.675153Z,3298-09-07T22:15:27.675153Z
Torneio 301,1,1319-05-07T22:15:27.675153Z,3299-09-07T22:15:27.675153Z
Torneio 302,1,1320-05-07T22:15:27.675153Z,3300-09-07T22:15:27.675153Z
Torneio 303,1,1321-05-07T22:15:27.675153Z,3301-09-07T22:15:27.675153Z
Torneio 304,1,1322-05-07T22:15:27.675153Z,3302-09-07T22:15:27.675153Z
Torneio 305,1,1323-05-07T22:15:27.675153Z,3303-09-07T22:15:27.675153Z
Torneio 306,1,1324-05-07T22:15:27.675153Z,3304-09-07T22:15:27.675153Z
Torneio 307,1,1325-05-07T22:15:27.675153Z,3305-09-07T22:15:27.675153Z
Torneio 308,1,1326-05-07T22:15:27.675153Z,3306-09-07T22:15:27.675153Z
Torneio 309,1,1327-05-07T22:15:27.675153Z,3307-09-07T22:15:27.675153Z
Torneio 310,1,1328-05-07T22:15:27.675153Z,3308-09-07T22:15:27.675153Z
Torneio 311,1,1329-05-07T22:15:27.675153Z,3309-09-07T22:15:27.675153Z
Torneio 312,1,1330-05-07T22:15:27.675153Z,3310-09-07T22:15:27.675153Z
Torneio 313,1,1331-05-07T22:15:27.675153Z,3311-09-07T22:15:27.675153Z
Torneio 314,1,1332-05-07T22:15:27.675153Z,3312-09-07T22:15:27.675153Z
Torneio 315,1,1333-05-07T22:15:27.675153Z,3313-09-07T22:15:27.675153Z
Torneio 316,1,1334-05-07T22:15:27.675153Z,3314-09-07T22:15:27.675153Z
Torneio 317,1,1335-05-07T22:15:27.675153Z,3315-09-07T22:15:27.675153Z
Torneio 318,1,1336-05-07T22:15:27.675153Z,3316-09-07T22:15:27.675153Z
Torneio 319,1,1337-05-07T22:15:27.675153Z,3317-09-07T22:15:27.675153Z
Torneio 320,1,1338-05-07T22:15:27.675153Z,3318-09-07T22:15:27.675153Z
Torneio 321,1,1339-05-07T22:15:27.675153Z,3319-09-07T22:15:27.675153Z
Torneio 322,1,1340-05-07T22:15:27.675153Z,3320-09-07T22:15:27.675153Z
Torneio 323,1,1341-05-07T22:15:27.675153Z,3321-09-07T22:15:27.675153Z
Torneio 324,1,1342-05-07T22:15:27.675153Z,3322-09-07T22:15:27.675153Z
Torneio 325,1,1343-05-07T22:15:27.675153Z,3323-09-07T22:15:27.675153Z
Torneio 326,1,1344-05-07T22:15:27.675153Z,3324-09-07T22:15:27.675153Z
Torneio 327,1,1345-05-07T22:15:27.675153Z,3325-09-07T22:15:27.675153Z
Torneio 328,1,1346-05-07T22:15:27.675153Z,3326-09-07T22:15:27.675153Z
Torneio 329,1,1347-05-07T22:15:27.675153Z,3327-09-07T22:15:27.675153Z
Torneio 330,1,1348-05-07T22:15:27.675153Z,3328-09-07T22:15:27.675153Z
Torneio 331,1,1349-05-07T22:15:27.675153Z,3329-09-07T22:15:27.675153Z
Torneio 332,1,1350-05-07T22:15:27.675153Z,3330-09-07T22:15:27.675153Z
Torneio 333,1,1351-05-07T22:15:27.675153Z,3331-09-07T22:15:27.675153Z
Torneio 334,1,1352-05-07T22:15:27.675153Z,3332-09-07T22:15:27.675153Z
Torneio 335,1,1353-05-07T22:15:27.675153Z,3333-09-07T22:15:27.675153Z
Torneio 336,1,1354-05-07T22:15:27.675153Z,3334-09-07T22:15:27.675153Z
Torneio 337,1,1355-05-07T22:15:27.675153Z,3335-09-07T22:15:27.675153Z
Torneio 338,1,1356-05-07T22:15:27.675153Z,3336-09-07T22:15:27.675153Z
Torneio 339,1,1357-05-07T22:15:27.675153Z,3337-09-07T22:15:27.675153Z
Torneio 340,1,1358-05-07T22:15:27.675153Z,3338-09-07T22:15:27.675153Z
Torneio 341,1,1359-05-07T22:15:27.675153Z,3339-09-07T22:15:27.675153Z
Torneio 342,1,1360-05-07T22:15:27.675153Z,3340-09-07T22:15:27.675153Z
Torneio 343,1,1361-05-07T22:15:27.675153Z,3341-09-07T22:15:27.675153Z
Torneio 344,1,1362-05-07T22:15:27.675153Z,3342-09-07T22:15:27.675153Z
Torneio 345,1,1363-05-07T22:15:27.675153Z,3343-09-07T22:15:27.675153Z
Torneio 346,1,1364-05-07T22:15:27.675153Z,3344-09-07T22:15:27.675153Z
Torneio 347,1,1365-05-07T22:15:27.675153Z,3345-09-07T22:15:27.675153Z
Torneio 348,1,1366-05-07T22:15:27.675153Z,3346-09-07T22:15:27.675153Z
Torneio 349,1,1367-05-07T22:15:27.675153Z,3347-09-07T22:15:27.675153Z
Torneio 350,1,1368-05-07T22:15:27.675153Z,3348-09-07T22:15:27.675153Z
Torneio 351,1,1369-05-07T22:15:27.675153Z,3349-09-07T22:15:27.675153Z
Torneio 352,1,1370-05-07T22:15:27.675153Z,3350-09-07T22:15:27.675153Z
Torneio 353,1,1371-05-07T22:15:27.675153Z,3351-09-07T22:15:27.675153Z
Torneio 354,1,1372-05-07T22:15:27.675153Z,3352-09-07T22:15:27.675153Z
Torneio 355,1,1373-05-07T22:15:27.675153Z,3353-09-07T22:15:27.675153Z
Torneio 356,1,1374-05-07T22:15:27.675153Z,3354-09-07T22:15:27.675153Z
Torneio 357,1,1375-05-07T22:15:27.675153Z,3355-09-07T22:15:27.675153Z
Torneio 358,1,1376-05-07T22:15:27.675153Z,3356-09-07T22:15:27.675153Z
Torneio 359,1,1377-05-07T22:15:27.675153Z,3357-09-07T22:15:27.675153Z
Torneio 360,1,1378-05-07T22:15:27.675153Z,3358-09-07T22:15:27.675153Z
Torneio 361,1,1379-05-07T22:15:27.675153Z,3359-09-07T22:15:27.675153Z
Torneio 362,1,1380-05-07T22:15:27.675153Z,3360-09-07T22:15:27.675153Z
Torneio 363,1,1381-05-07T22:15:27.675153Z,3361-09-07T22:15:27.675153Z
Torneio 364,1,1382-05-07T22:15:27.675153Z,3362-09-07T22:15:27.675153Z
Torneio 365,1,1383-05-07T22:15:27.675153Z,3363-09-07T22:15:27.675153Z
Torneio 366,1,1384-05-07T22:15:27.675153Z,3364-09-07T22:15:27.675153Z
Torneio 367,1,1385-05-07T22:15:27.675153Z,3365-09-07T22:15:27.675153Z
Torneio 368,1,1386-05-07T22:15:27.675153Z,3366-09-07T22:15:27.675153Z
Torneio 369,1,1387-05-07T22:15:27.675153Z,3367-09-07T22:15:27.675153Z
Torneio 370,1,1388-05-07T22:15:27.675153Z,3368-09-07T22:15:27.675153Z
Torneio 371,1,1389-05-07T22:15:27.675153Z,3369-09-07T22:15:27.675153Z
Torneio 372,1,1390-05-07T22:15:27.675153Z,3370-09-07T22:15:27.675153Z
Torneio 373,1,1391-05-07T22:15:27.675153Z,3371-09-07T22:15:27.675153Z
Torneio 374,1,1392-05-07T22:15:27.675153Z,3372-09-07T22:15:27.675153Z
Torneio 375,1,1393-05-07T22:15:27.675153Z,3373-09-07T22:15:27.675153Z
Torneio 376,1,1394-05-07T22:15:27.675153Z,3374-09-07T22:15:27.675153Z
Torneio 377,1,1395-05-07T22:15:27.675153Z,3375-09-07T22:15:27.675153Z
Torneio 378,1,1396-05-07T22:15:27.675153Z,3376-09-07T22:15:27.675153Z
Torneio 379,1,1397-05-07T22:15:27.675153Z,3377-09-07T22:15:27.675153Z
Torneio 380,1,1398-05-07T22:15:27.675153Z,3378-09-07T22:15:27.675153Z
Torneio 381,1,1399-05-07T22:15:27.675153Z,3379-09-07T22:15:27.675153Z
Torneio 382,1,1400-05-07T22:15:27.675153Z,3380-09-07T22:15:27.675153Z
Torneio 383,1,1401-05-07T22:15:27.675153Z,3381-09-07T22:15:27.675153Z
Torneio 384,1,1402-05-07T22:15:27.675153Z,3382-09-07T22:15:27.675153Z
Torneio 385,1,1403-05-07T22:15:27.675153Z,3383-09-07T22:15:27.675153Z
Torneio 386,1,1404-05-07T22:15:27.675153Z,3384-09-07T22:15:27.675153Z
Torneio 387,1,1405-05-07T22:15:27.675153Z,3385-09-07T22:15:27.675153Z
Torneio 388,1,1406-05-07T22:15:27.675153Z,3386-09-07T22:15:27.675153Z
Torneio 389,1,1407-05-07T22:15:27.675153Z,3387-09-07T22:15:27.675153Z
Torneio 390,1,1408-05-07T22:15:27.675153Z,3388-09-07T22:15:27.675153Z
Torneio 391,1,1409-05-07T22:15:27.675153Z,3389-09-07T22:15:27.675153Z
Torneio 392,1,1410-05-07T22:15:27.675153Z,3390-09-07T22:15:27.675153Z
Torneio 393,1,1411-05-07T22:15:27.675153Z,3391-09-07T22:15:27.675153Z
Torneio 394,1,1412-05-07T22:15:27.675153Z,3392-09-07T22:15:27.675153Z
Torneio 395,1,1413-05-07T22:15:27.675153Z,3393-09-07T22:15:27.675153Z
Torneio 396,1,1414-05-07T22:15:27.675153Z,3394-09-07T22:15:27.675153Z
Torneio 397,1,1415-05-07T22:15:27.675153Z,3395-09-07T22:15:27.675153Z
Torneio 398,1,1416-05-07T22:15:27.675153Z,3396-09-07T22:15:27.675153Z
Torneio 399,1,1417-05-07T22:15:27.675153Z,3397-09-07T22:15:27.675153Z
Torneio 400,1,1418-05-07T22:15:27.675153Z,3398-09-07T22:15:27.675153Z
Torneio 401,1,1419-05-07T22:15:27.675153Z,3399-09-07T22:15:27.675153Z
Torneio 402,1,1420-05-07T22:15:27.675153Z,3400-09-07T22:15:27.675153Z
Torneio 403,1,1421-05-07T22:15:27.675153Z,3401-09-07T22:15:27.675153Z
Torneio 404,1,1422-05-07T22:15:27.675153Z,3402-09-07T22:15:27.675153Z
Torneio 405,1,1423-05-07T22:15:27.675153Z,3403-09-07T22:15:27.675153Z
Torneio 406,1,1424-05-07T22:15:27.675153Z,3404-09-07T22:15:27.675153Z
Torneio 407,1,1425-05-07T22:15:27.675153Z,3405-09-07T22:15:27.675153Z
Torneio 408,1,1426-05-07T22:15:27.675153Z,3406-09-07T22:15:27.675153Z
Torneio 409,1,1427-05-07T22:15:27.675153Z,3407-09-07T22:15:27.675153Z
Torneio 410,1,1428-05-07T22:15:27.675153Z,3408-09-07T22:15:27.675153Z
Torneio 411,1,1429-05-07T22:15:27.675153Z,3409-09-07T22:15:27.675153Z
Torneio 412,1,1430-05-07T22:15:27.675153Z,3410-09-07T22:15:27.675153Z
Torneio 413,1,1431-05-07T22:15:27.675153Z,3411-09-07T22:15:27.675153Z
Torneio 414,1,1432-05-07T22:15:27.675153Z,3412-09-07T22:15:27.675153Z
Torneio 415,1,1433-05-07T22:15:27.675153Z,3413-09-07T22:15:27.675153Z
Torneio 416,1,1434-05-07T22:15:27.675153Z,3414-09-07T22:15:27.675153Z
Torneio 417,1,1435-05-07T22:15:27.675153Z,3415-09-07T22:15:27.675153Z
Torneio 418,1,1436-05-07T22:15:27.675153Z,3416-09-07T22:15:27.675153Z
Torneio 419,1,1437-05-07T22:15:27.675153Z,3417-09-07T22:15:27.675153Z
Torneio 420,1,1438-05-07T22:15:27.675153Z,3418-09-07T22:15:27.675153Z
Torneio 421,1,1439-05-07T22:15:27.675153Z,3419-09-07T22:15:27.675153Z
Torneio 422,1,1440-05-07T22:15:27.675153Z,3420-09-07T22:15:27.675153Z
Torneio 423,1,1441-05-07T22:15:27.675153Z,3421-09-07T22:15:27.675153Z
Torneio 424,1,1442-05-07T22:15:27.675153Z,3422-09-07T22:15:27.675153Z
Torneio 425,1,1443-05-07T22:15:27.675153Z,3423-09-07T22:15:27.675153Z
Torneio 426,1,1444-05-07T22:15:27.675153Z,3424-09-07T22:15:27.675153Z
Torneio 427,1,1445-05-07T22:15:27.675153Z,3425-09-07T22:15:27.675153Z
Torneio 428,1,1446-05-07T22:15:27.675153Z,3426-09-07T22:15:27.675153Z
Torneio 429,1,1447-05-07T22:15:27.675153Z,3427-09-07T22:15:27.675153Z
Torneio 430,1,1448-05-07T22:15:27.675153Z,3428-09-07T22:15:27.675153Z
Torneio 431,1,1449-05-07T22:15:27.675153Z,3429-09-07T22:15:27.675153Z
Torneio 432,1,1450-05-07T22:15:27.675153Z,3430-09-07T22:15:27.675153Z
Torneio 433,1,1451-05-07T22:15:27.675153Z,3431-09-07T22:15:27.675153Z
Torneio 434,1,1452-05-07T22:15:27.675153Z,3432-09-07T22:15:27.675153Z
Torneio 435,1,1453-05-07T22:15:27.675153Z,3433-09-07T22:15:27.675153Z
Torneio 436,1,1454-05-07T22:15:27.675153Z,3434-09-07T22:15:27.675153Z
Torneio 437,1,1455-05-07T22:15:27.675153Z,3435-09-07T22:15:27.675153Z
Torneio 438,1,1456-05-07T22:15:27.675153Z,3436-09-07T22:15:27.675153Z
Torneio 439,1,1457-05-07T22:15:27.675153Z,3437-09-07T22:15:27.675153Z
Torneio 440,1,1458-05-07T22:15:27.675153Z,3438-09-07T22:15:27.675153Z
Torneio 441,1,1459-05-07T22:15:27.675153Z,3439-09-07T22:15:27.675153Z
Torneio 442,1,1460-05-07T22:15:27.675153Z,3440-09-07T22:15:27.675153Z
Torneio 443,1,1461-05-07T22:15:27.675153Z,3441-09-07T22:15:27.675153Z
Torneio 444,1,1462-05-07T22:15:27.675153Z,3442-09-07T22:15:27.675153Z
Torneio 445,1,1463-05-07T22:15:27.675153Z,3443-09-07T22:15:27.675153Z
Torneio 446,1,1464-05-07T22:15:27.675153Z,3444-09-07T22:15:27.675153Z
Torneio 447,1,1465-05-07T22:15:27.675153Z,3445-09-07T22:15:27.675153Z
Torneio 448,1,1466-05-07T22:15:27.675153Z,3446-09-07T22:15:27.675153Z
Torneio 449,1,1467-05-07T22:15:27.675153Z,3447-09-07T22:15:27.675153Z
Torneio 450,1,1468-05-07T22:15:27.675153Z,3448-09-07T22:15:27.675153Z
Torneio 451,1,1469-05-07T22:15:27.675153Z,3449-09-07T22:15:27.675153Z
Torneio 452,1,1470-05-07T22:15:27.675153Z,3450-09-07T22:15:27.675153Z
Torneio 453,1,1471-05-07T22:15:27.675153Z,3451-09-07T22:15:27.675153Z
Torneio 454,1,1472-05-07T22:15:27.675153Z,3452-09-07T22:15:27.675153Z
Torneio 455,1,1473-05-07T22:15:27.675153Z,3453-09-07T22:15:27.675153Z
Torneio 456,1,1474-05-07T22:15:27.675153Z,3454-09-07T22:15:27.675153Z
Torneio 457,1,1475-05-07T22:15:27.675153Z,3455-09-07T22:15:27.675153Z
Torneio 458,1,1476-05-07T22:15:27.675153Z,3456-09-07T22:15:27.675153Z
Torneio 459,1,1477-05-07T22:15:27.675153Z,3457-09-07T22:15:27.675153Z
Torneio 460,1,1478-05-07T22:15:27.675153Z,3458-09-07T22:15:27.675153Z
Torneio 461,1,1479-05-07T22:15:27.675153Z,3459-09-07T22:15:27.675153Z
Torneio 462,1,1480-05-07T22:15:27.675153Z,3460-09-07T22:15:27.675153Z
Torneio 463,1,1481-05-07T22:15:27.675153Z,3461-09-07T22:15:27.675153Z
Torneio 464,1,1482-05-07T22:15:27.675153Z,3462-09-07T22:15:27.675153Z
Torneio 465,1,1483-05-07T22:15:27.675153Z,3463-09-07T22:15:27.675153Z
Torneio 466,1,1484-05-07T22:15:27.675153Z,3464-09-07T22:15:27.675153Z
Torneio 467,1,1485-05-07T22:15:27.675153Z,3465-09-07T22:15:27.675153Z
Torneio 468,1,1486-05-07T22:15:27.675153Z,3466-09-07T22:15:27.675153Z
Torneio 469,1,1487-05-07T22:15:27.675153Z,3467-09-07T22:15:27.675153Z
Torneio 470,1,1488-05-07T22:15:27.675153Z,3468-09-07T22:15:27.675153Z
Torneio 471,1,1489-05-07T22:15:27.675153Z,3469-09-07T22:15:27.675153Z
Torneio 472,1,1490-05-07T22:15:27.675153Z,3470-09-07T22:15:27.675153Z
Torneio 473,1,1491-05-07T22:15:27.675153Z,3471-09-07T22:15:27.675153Z
Torneio 474,1,1492-05-07T22:15:27.675153Z,3472-09-07T22:15:27.675153Z
Torneio 475,1,1493-05-07T22:15:27.675153Z,3473-09-07T22:15:27.675153Z
Torneio 476,1,1494-05-07T22:15:27.675153Z,3474-09-07T22:15:27.675153Z
Torneio 477,1,1495-05-07T22:15:27.675153Z,3475-09-07T22:15:27.675153Z
Torneio 478,1,1496-05-07T22:15:27.675153Z,3476-09-07T22:15:27.675153Z
Torneio 479,1,1497-05-07T22:15:27.675153Z,3477-09-07T22:15:27.675153Z
Torneio 480,1,1498-05-07T22:15:27.675153Z,3478-09-07T22:15:27.675153Z
Torneio 481,1,1499-05-07T22:15:27.675153Z,3479-09-07T22:15:27.675153Z
Torneio 482,1,1500-05-07T22:15:27.675153Z,3480-09-07T22:15:27.675153Z
Torneio 483,1,1501-05-07T22:15:27.675153Z,3481-09-07T22:15:27.675153Z
Torneio 484,1,1502-05-07T22:15:27.675153Z,3482-09-07T22:15:27.675153Z
Torneio 485,1,1503-05-07T22:15:27.675153Z,3483-09-07T22:15:27.675153Z
Torneio 486,1,1504-05-07T22:15:27.675153Z,3484-09-07T22:15:27.675153Z
Torneio 487,1,1505-05-07T22:15:27.675153Z,3485-09-07T22:15:27.675153Z
Torneio 488,1,1506-05-07T22:15:27.675153Z,3486-09-07T22:15:27.675153Z
Torneio 489,1,1507-05-07T22:15:27.675153Z,3487-09-07T22:15:27.675153Z
Torneio 490,1,1508-05-07T22:15:27.675153Z,3488-09-07T22:15:27.675153Z
Torneio 491,1,1509-05-07T22:15:27.675153Z,3489-09-07T22:15:27.675153Z
Torneio 492,1,1510-05-07T22:15:27.675153Z,3490-09-07T22:15:27.675153Z
Torneio 493,1,1511-05-07T22:15:27.675153Z,3491-09-07T22:15:27.675153Z
Torneio 494,1,1512-05-07T22:15:27.675153Z,3492-09-07T22:15:27.675153Z
Torneio 495,1,1513-05-07T22:15:27.675153Z,3493-09-07T22:15:27.675153Z
Torneio 496,1,1514-05-07T22:15:27.675153Z,3494-09-07T22:15:27.675153Z
Torneio 497,1,1515-05-07T22:15:27.675153Z,3495-09-07T22:15:27.675153Z
Torneio 498,1,1516-05-07T22:15:27.675153Z,3496-09-07T22:15:27.675153Z
Torneio 499,1,1517-05-07T22:15:27.675153Z,3497-09-07T22:15:27.675153Z
Torneio 500,1,1518-05-07T22:15:27.675153Z,3498-09-07T22:15:27.675153Z
Torneio 501,1,1519-05-07T22:15:27.675153Z,3499-09-07T22:15:27.675153Z
Torneio 502,1,1520-05-07T22:15:27.675153Z,3500-09-07T22:15:27.675153Z
Torneio 503,1,1521-05-07T22:15:27.675153Z,3501-09-07T22:15:27.675153Z
Torneio 504,1,1522-05-07T22:15:27.675153Z,3502-09-07T22:15:27.675153Z
Torneio 505,1,1523-05-07T22:15:27.675153Z,3503-09-07T22:15:27.675153Z
Torneio 506,1,1524-05-07T22:15:27.675153Z,3504-09-07T22:15:27.675153Z
Torneio 507,1,1525-05-07T22:15:27.675153Z,3505-09-07T22:15:27.675153Z
Torneio 508,1,1526-05-07T22:15:27.675153Z,3506-09-07T22:15:27.675153Z
Torneio 509,1,1527-05-07T22:15:27.675153Z,3507-09-07T22:15:27.675153Z
Torneio 510,1,1528-05-07T22:15:27.675153Z,3508-09-07T22:15:27.675153Z
Torneio 511,1,1529-05-07T22:15:27.675153Z,3509-09-07T22:15:27.675153Z
Torneio 512,1,1530-05-07T22:15:27.675153Z,3510-09-07T22:15:27.675153Z
Torneio 513,1,1531-05-07T22:15:27.675153Z,3511-09-07T22:15:27.675153Z
Torneio 514,1,1532-05-07T22:15:27.675153Z,3512-09-07T22:15:27.675153Z
Torneio 515,1,1533-05-07T22:15:27.675153Z,3513-09-07T22:15:27.675153Z
Torneio 516,1,1534-05-07T22:15:27.675153Z,3514-09-07T22:15:27.675153Z
Torneio 517,1,1535-05-07T22:15:27.675153Z,3515-09-07T22:15:27.675153Z
Torneio 518,1,1536-05-07T22:15:27.675153Z,3516-09-07T22:15:27.675153Z
Torneio 519,1,1537-05-07T22:15:27.675153Z,3517-09-07T22:15:27.675153Z
Torneio 520,1,1538-05-07T22:15:27.675153Z,3518-09-07T22:15:27.675153Z
Torneio 521,1,1539-05-07T22:15:27.675153Z,3519-09-07T22:15:27.675153Z
Torneio 522,1,1540-05-07T22:15:27.675153Z,3520-09-07T22:15:27.675153Z
Torneio 523,1,1541-05-07T22:15:27.675153Z,3521-09-07T22:15:27.675153Z
Torneio 524,1,1542-05-07T22:15:27.675153Z,3522-09-07T22:15:27.675153Z
Torneio 525,1,1543-05-07T22:15:27.675153Z,3523-09-07T22:15:27.675153Z
Torneio 526,1,1544-05-07T22:15:27.675153Z,3524-09-07T22:15:27.675153Z
Torneio 527,1,1545-05-07T22:15:27.675153Z,3525-09-07T22:15:27.675153Z
Torneio 528,1,1546-05-07T22:15:27.675153Z,3526-09-07T22:15:27.675153Z
Torneio 529,1,1547-05-07T22:15:27.675153Z,3527-09-07T22:15:27.675153Z
Torneio 530,1,1548-05-07T22:15:27.675153Z,3528-09-07T22:15:27.675153Z
Torneio 531,1,1549-05-07T22:15:27.675153Z,3529-09-07T22:15:27.675153Z
Torneio 532,1,1550-05-07T22:15:27.675153Z,3530-09-07T22:15:27.675153Z
Torneio 533,1,1551-05-07T22:15:27.675153Z,3531-09-07T22:15:27.675153Z
Torneio 534,1,1552-05-07T22:15:27.675153Z,3532-09-07T22:15:27.675153Z
Torneio 535,1,1553-05-07T22:15:27.675153Z,3533-09-07T22:15:27.675153Z
Torneio 536,1,1554-05-07T22:15:27.675153Z,3534-09-07T22:15:27.675153Z
Torneio 537,1,1555-05-07T22:15:27.675153Z,3535-09-07T22:15:27.675153Z
Torneio 538,1,1556-05-07T22:15:27.675153Z,3536-09-07T22:15:27.675153Z
Torneio 539,1,1557-05-07T22:15:27.675153Z,3537-09-07T22:15:27.675153Z
Torneio 540,1,1558-05-07T22:15:27.675153Z,3538-09-07T22:15:27.675153Z
Torneio 541,1,1559-05-07T22:15:27.675153Z,3539-09-07T22:15:27.675153Z
Torneio 542,1,1560-05-07T22:15:27.675153Z,3540-09-07T22:15:27.675153Z
Torneio 543,1,1561-05-07T22:15:27.675153Z,3541-09-07T22:15:27.675153Z
Torneio 544,1,1562-05-07T22:15:27.675153Z,3542-09-07T22:15:27.675153Z
Torneio 545,1,1563-05-07T22:15:27.675153Z,3543-09-07T22:15:27.675153Z
Torneio 546,1,1564-05-07T22:15:27.675153Z,3544-09-07T22:15:27.675153Z
Torneio 547,1,1565-05-07T22:15:27.675153Z,3545-09-07T22:15:27.675153Z
Torneio 548,1,1566-05-07T22:15:27.675153Z,3546-09-07T22:15:27.675153Z
Torneio 549,1,1567-05-07T22:15:27.675153Z,3547-09-07T22:15:27.675153Z
Torneio 550,1,1568-05-07T22:15:27.675153Z,3548-09-07T22:15:27.675153Z
Torneio 551,1,1569-05-07T22:15:27.675153Z,3549-09-07T22:15:27.675153Z
Torneio 552,1,1570-05-07T22:15:27.675153Z,3550-09-07T22:15:27.675153Z
Torneio 553,1,1571-05-07T22:15:27.675153Z,3551-09-07T22:15:27.675153Z
Torneio 554,1,1572-05-07T22:15:27.675153Z,3552-09-07T22:15:27.675153Z
Torneio 555,1,1573-05-07T22:15:27.675153Z,3553-09-07T22:15:27.675153Z
Torneio 556,1,1574-05-07T22:15:27.675153Z,3554-09-07T22:15:27.675153Z
Torneio 557,1,1575-05-07T22:15:27.675153Z,3555-09-07T22:15:27.675153Z
Torneio 558,1,1576-05-07T22:15:27.675153Z,3556-09-07T22:15:27.675153Z
Torneio 559,1,1577-05-07T22:15:27.675153Z,3557-09-07T22:15:27.675153Z
Torneio 560,1,1578-05-07T22:15:27.675153Z,3558-09-07T22:15:27.675153Z
Torneio 561,1,1579-05-07T22:15:27.675153Z,3559-09-07T22:15:27.675153Z
Torneio 562,1,1580-05-07T22:15:27.675153Z,3560-09-07T22:15:27.675153Z
Torneio 563,1,1581-05-07T22:15:27.675153Z,3561-09-07T22:15:27.675153Z
Torneio 564,1,1582-05-07T22:15:27.675153Z,3562-09-07T22:15:27.675153Z
Torneio 565,1,1583-05-07T22:15:27.675153Z,3563-09-07T22:15:27.675153Z
Torneio 566,1,1584-05-07T22:15:27.675153Z,3564-09-07T22:15:27.675153Z
Torneio 567,1,1585-05-07T22:15:27.675153Z,3565-09-07T22:15:27.675153Z
Torneio 568,1,1586-05-07T22:15:27.675153Z,3566-09-07T22:15:27.675153Z
Torneio 569,1,1587-05-07T22:15:27.675153Z,3567-09-07T22:15:27.675153Z
Torneio 570,1,1588-05-07T22:15:27.675153Z,3568-09-07T22:15:27.675153Z
Torneio 571,1,1589-05-07T22:15:27.675153Z,3569-09-07T22:15:27.675153Z
Torneio 572,1,1590-05-07T22:15:27.675153Z,3570-09-07T22:15:27.675153Z
Torneio 573,1,1591-05-07T22:15:27.675153Z,3571-09-07T22:15:27.675153Z
Torneio 574,1,1592-05-07T22:15:27.675153Z,3572-09-07T22:15:27.675153Z
Torneio 575,1,1593-05-07T22:15:27.675153Z,3573-09-07T22:15:27.675153Z
Torneio 576,1,1594-05-07T22:15:27.675153Z,3574-09-07T22:15:27.675153Z
Torneio 577,1,1595-05-07T22:15:27.675153Z,3575-09-07T22:15:27.675153Z
Torneio 578,1,1596-05-07T22:15:27.675153Z,3576-09-07T22:15:27.675153Z
Torneio 579,1,1597-05-07T22:15:27.675153Z,3577-09-07T22:15:27.675153Z
Torneio 580,1,1598-05-07T22:15:27.675153Z,3578-09-07T22:15:27.675153Z
Torneio 581,1,1599-05-07T22:15:27.675153Z,3579-09-07T22:15:27.675153Z
Torneio 582,1,1600-05-07T22:15:27.675153Z,3580-09-07T22:15:27.675153Z
Torneio 583,1,1601-05-07T22:15:27.675153Z,3581-09-07T22:15:27.675153Z
Torneio 584,1,1602-05-07T22:15:27.675153Z,3582-09-07T22:15:27.675153Z
Torneio 585,1,1603-05-07T22:15:27.675153Z,3583-09-07T22:15:27.675153Z
Torneio 586,1,1604-05-07T22:15:27.675153Z,3584-09-07T22:15:27.675153Z
Torneio 587,1,1605-05-07T22:15:27.675153Z,3585-09-07T22:15:27.675153Z
Torneio 588,1,1606-05-07T22:15:27.675153Z,3586-09-07T22:15:27.675153Z
Torneio 589,1,1607-05-07T22:15:27.675153Z,3587-09-07T22:15:27.675153Z
Torneio 590,1,1608-05-07T22:15:27.675153Z,3588-09-07T22:15:27.675153Z
Torneio 591,1,1609-05-07T22:15:27.675153Z,3589-09-07T22:15:27.675153Z
Torneio 592,1,1610-05-07T22:15:27.675153Z,3590-09-07T22:15:27.675153Z
Torneio 593,1,1611-05-07T22:15:27.675153Z,3591-09-07T22:15:27.675153Z
Torneio 594,1,1612-05-07T22:15:27.675153Z,3592-09-07T22:15:27.675153Z
Torneio 595,1,1613-05-07T22:15:27.675153Z,3593-09-07T22:15:27.675153Z
Torneio 596,1,1614-05-07T22:15:27.675153Z,3594-09-07T22:15:27.675153Z
Torneio 597,1,1615-05-07T22:15:27.675153Z,3595-09-07T22:15:27.675153Z
Torneio 598,1,1616-05-07T22:15:27.675153Z,3596-09-07T22:15:27.675153Z
Torneio 599,1,1617-05-07T22:15:27.675153Z,3597-09-07T22:15:27.675153Z
Torneio 600,1,1618-05-07T22:15:27.675153Z,3598-09-07T22:15:27.675153Z
Torneio 601,1,1619-05-07T22:15:27.675153Z,3599-09-07T22:15:27.675153Z
Torneio 602,1,1620-05-07T22:15:27.675153Z,3600-09-07T22:15:27.675153Z
Torneio 603,1,1621-05-07T22:15:27.675153Z,3601-09-07T22:15:27.675153Z
Torneio 604,1,1622-05-07T22:15:27.675153Z,3602-09-07T22:15:27.675153Z
Torneio 605,1,1623-05-07T22:15:27.675153Z,3603-09-07T22:15:27.675153Z
Torneio 606,1,1624-05-07T22:15:27.675153Z,3604-09-07T22:15:27.675153Z
Torneio 607,1,1625-05-07T22:15:27.675153Z,3605-09-07T22:15:27.675153Z
Torneio 608,1,1626-05-07T22:15:27.675153Z,3606-09-07T22:15:27.675153Z
Torneio 609,1,1627-05-07T22:15:27.675153Z,3607-09-07T22:15:27.675153Z
Torneio 610,1,1628-05-07T22:15:27.675153Z,3608-09-07T22:15:27.675153Z
Torneio 611,1,1629-05-07T22:15:27.675153Z,3609-09-07T22:15:27.675153Z
Torneio 612,1,1630-05-07T22:15:27.675153Z,3610-09-07T22:15:27.675153Z
Torneio 613,1,1631-05-07T22:15:27.675153Z,3611-09-07T22:15:27.675153Z
Torneio 614,1,1632-05-07T22:15:27.675153Z,3612-09-07T22:15:27.675153Z
Torneio 615,1,1633-05-07T22:15:27.675153Z,3613-09-07T22:15:27.675153Z
Torneio 616,1,1634-05-07T22:15:27.675153Z,3614-09-07T22:15:27.675153Z
Torneio 617,1,1635-05-07T22:15:27.675153Z,3615-09-07T22:15:27.675153Z
Torneio 618,1,1636-05-07T22:15:27.675153Z,3616-09-07T22:15:27.675153Z
Torneio 619,1,1637-05-07T22:15:27.675153Z,3617-09-07T22:15:27.675153Z
Torneio 620,1,1638-05-07T22:15:27.675153Z,3618-09-07T22:15:27.675153Z
Torneio 621,1,1639-05-07T22:15:27.675153Z,3619-09-07T22:15:27.675153Z
Torneio 622,1,1640-05-07T22:15:27.675153Z,3620-09-07T22:15:27.675153Z
Torneio 623,1,1641-05-07T22:15:27.675153Z,3621-09-07T22:15:27.675153Z
Torneio 624,1,1642-05-07T22:15:27.675153Z,3622-09-07T22:15:27.675153Z
Torneio 625,1,1643-05-07T22:15:27.675153Z,3623-09-07T22:15:27.675153Z
Torneio 626,1,1644-05-07T22:15:27.675153Z,3624-09-07T22:15:27.675153Z
Torneio 627,1,1645-05-07T22:15:27.675153Z,3625-09-07T22:15:27.675153Z
Torneio 628,1,1646-05-07T22:15:27.675153Z,3626-09-07T22:15:27.675153Z
Torneio 629,1,1647-05-07T22:15:27.675153Z,3627-09-07T22:15:27.675153Z
Torneio 630,1,1648-05-07T22:15:27.675153Z,3628-09-07T22:15:27.675153Z
Torneio 631,1,1649-05-07T22:15:27.675153Z,3629-09-07T22:15:27.675153Z
Torneio 632,1,1650-05-07T22:15:27.675153Z,3630-09-07T22:15:27.675153Z
Torneio 633,1,1651-05-07T22:15:27.675153Z,3631-09-07T22:15:27.675153Z
Torneio 634,1,1652-05-07T22:15:27.675153Z,3632-09-07T22:15:27.675153Z
Torneio 635,1,1653-05-07T22:15:27.675153Z,3633-09-07T22:15:27.675153Z
Torneio 636,1,1654-05-07T22:15:27.675153Z,3634-09-07T22:15:27.675153Z
Torneio 637,1,1655-05-07T22:15:27.675153Z,3635-09-07T22:15:27.675153Z
Torneio 638,1,1656-05-07T22:15:27.675153Z,3636-09-07T22:15:27.675153Z
Torneio 639,1,1657-05-07T22:15:27.675153Z,3637-09-07T22:15:27.675153Z
Torneio 640,1,1658-05-07T22:15:27.675153Z,3638-09-07T22:15:27.675153Z
Torneio 641,1,1659-05-07T22:15:27.675153Z,3639-09-07T22:15:27.675153Z
Torneio 642,1,1660-05-07T22:15:27.675153Z,3640-09-07T22:15:27.675153Z
Torneio 643,1,1661-05-07T22:15:27.675153Z,3641-09-07T22:15:27.675153Z
Torneio 644,1,1662-05-07T22:15:27.675153Z,3642-09-07T22:15:27.675153Z
Torneio 645,1,1663-05-07T22:15:27.675153Z,3643-09-07T22:15:27.675153Z
Torneio 646,1,1664-05-07T22:15:27.675153Z,3644-09-07T22:15:27.675153Z
Torneio 647,1,1665-05-07T22:15:27.675153Z,3645-09-07T22:15:27.675153Z
Torneio 648,1,1666-05-07T22:15:27.675153Z,3646-09-07T22:15:27.675153Z
Torneio 649,1,1667-05-07T22:15:27.675153Z,3647-09-07T22:15:27.675153Z
Torneio 650,1,1668-05-07T22:15:27.675153Z,3648-09-07T22:15:27.675153Z
Torneio 651,1,1669-05-07T22:15:27.675153Z,3649-09-07T22:15:27.675153Z
Torneio 652,1,1670-05-07T22:15:27.675153Z,3650-09-07T22:15:27.675153Z
Torneio 653,1,1671-05-07T22:15:27.675153Z,3651-09-07T22:15:27.675153Z
Torneio 654,1,1672-05-07T22:15:27.675153Z,3652-09-07T22:15:27.675153Z
Torneio 655,1,1673-05-07T22:15:27.675153Z,3653-09-07T22:15:27.675153Z
Torneio 656,1,1674-05-07T22:15:27.675153Z,3654-09-07T22:15:27.675153Z
Torneio 657,1,1675-05-07T22:15:27.675153Z,3655-09-07T22:15:27.675153Z
Torneio 658,1,1676-05-07T22:15:27.675153Z,3656-09-07T22:15:27.675153Z
Torneio 659,1,1677-05-07T22:15:27.675153Z,3657-09-07T22:15:27.675153Z
Torneio 660,1,1678-05-07T22:15:27.675153Z,3658-09-07T22:15:27.675153Z
Torneio 661,1,1679-05-07T22:15:27.675153Z,3659-09-07T22:15:27.675153Z
Torneio 662,1,1680-05-07T22:15:27.675153Z,3660-09-07T22:15:27.675153Z
Torneio 663,1,1681-05-07T22:15:27.675153Z,3661-09-07T22:15:27.675153Z
Torneio 664,1,1682-05-07T22:15:27.675153Z,3662-09-07T22:15:27.675153Z
Torneio 665,1,1683-05-07T22:15:27.675153Z,3663-09-07T22:15:27.675153Z
Torneio 666,1,1684-05-07T22:15:27.675153Z,3664-09-07T22:15:27.675153Z
Torneio 667,1,1685-05-07T22:15:27.675153Z,3665-09-07T22:15:27.675153Z
Torneio 668,1,1686-05-07T22:15:27.675153Z,3666-09-07T22:15:27.675153Z
Torneio 669,1,1687-05-07T22:15:27.675153Z,3667-09-07T22:15:27.675153Z
Torneio 670,1,1688-05-07T22:15:27.675153Z,3668-09-07T22:15:27.675153Z
Torneio 671,1,1689-05-07T22:15:27.675153Z,3669-09-07T22:15:27.675153Z
Torneio 672,1,1690-05-07T22:15:27.675153Z,3670-09-07T22:15:27.675153Z
Torneio 673,1,1691-05-07T22:15:27.675153Z,3671-09-07T22:15:27.675153Z
Torneio 674,1,1692-05-07T22:15:27.675153Z,3672-09-07T22:15:27.675153Z
Torneio 675,1,1693-05-07T22:15:27.675153Z,3673-09-07T22:15:27.675153Z
Torneio 676,1,1694-05-07T22:15:27.675153Z,3674-09-07T22:15:27.675153Z
Torneio 677,1,1695-05-07T22:15:27.675153Z,3675-09-07T22:15:27.675153Z
Torneio 678,1,1696-05-07T22:15:27.675153Z,3676-09-07T22:15:27.675153Z
Torneio 679,1,1697-05-07T22:15:27.675153Z,3677-09-07T22:15:27.675153Z
Torneio 680,1,1698-05-07T22:15:27.675153Z,3678-09-07T22:15:27.675153Z
Torneio 681,1,1699-05-07T22:15:27.675153Z,3679-09-07T22:15:27.675153Z
Torneio 682,1,1700-05-07T22:15:27.675153Z,3680-09-07T22:15:27.675153Z
Torneio 683,1,1701-05-07T22:15:27.675153Z,3681-09-07T22:15:27.675153Z
Torneio 684,1,1702-05-07T22:15:27.675153Z,3682-09-07T22:15:27.675153Z
Torneio 685,1,1703-05-07T22:15:27.675153Z,3683-09-07T22:15:27.675153Z
Torneio 686,1,1704-05-07T22:15:27.675153Z,3684-09-07T22:15:27.675153Z
Torneio 687,1,1705-05-07T22:15:27.675153Z,3685-09-07T22:15:27.675153Z
Torneio 688,1,1706-05-07T22:15:27.675153Z,3686-09-07T22:15:27.675153Z
Torneio 689,1,1707-05-07T22:15:27.675153Z,3687-09-07T22:15:27.675153Z
Torneio 690,1,1708-05-07T22:15:27.675153Z,3688-09-07T22:15:27.675153Z
Torneio 691,1,1709-05-07T22:15:27.675153Z,3689-09-07T22:15:27.675153Z
Torneio 692,1,1710-05-07T22:15:27.675153Z,3690-09-07T22:15:27.675153Z
Torneio 693,1,1711-05-07T22:15:27.675153Z,3691-09-07T22:15:27.675153Z
Torneio 694,1,1712-05-07T22:15:27.675153Z,3692-09-07T22:15:27.675153Z
Torneio 695,1,1713-05-07T22:15:27.675153Z,3693-09-07T22:15:27.675153Z
Torneio 696,1,1714-05-07T22:15:27.675153Z,3694-09-07T22:15:27.675153Z
Torneio 697,1,1715-05-07T22:15:27.675153Z,3695-09-07T22:15:27.675153Z
Torneio 698,1,1716-05-07T22:15:27.675153Z,3696-09-07T22:15:27.675153Z
Torneio 699,1,1717-05-07T22:15:27.675153Z,3697-09-07T22:15:27.675153Z
Torneio 700,1,1718-05-07T22:15:27.675153Z,3698-09-07T22:15:27.675153Z
Torneio 701,1,1719-05-07T22:15:27.675153Z,3699-09-07T22:15:27.675153Z
Torneio 702,1,1720-05-07T22:15:27.675153Z,3700-09-07T22:15:27.675153Z
Torneio 703,1,1721-05-07T22:15:27.675153Z,3701-09-07T22:15:27.675153Z
Torneio 704,1,1722-05-07T22:15:27.675153Z,3702-09-07T22:15:27.675153Z
Torneio 705,1,1723-05-07T22:15:27.675153Z,3703-09-07T22:15:27.675153Z
Torneio 706,1,1724-05-07T22:15:27.675153Z,3704-09-07T22:15:27.675153Z
Torneio 707,1,1725-05-07T22:15:27.675153Z,3705-09-07T22:15:27.675153Z
Torneio 708,1,1726-05-07T22:15:27.675153Z,3706-09-07T22:15:27.675153Z
Torneio 709,1,1727-05-07T22:15:27.675153Z,3707-09-07T22:15:27.675153Z
Torneio 710,1,1728-05-07T22:15:27.675153Z,3708-09-07T22:15:27.675153Z
Torneio 711,1,1729-05-07T22:15:27.675153Z,3709-09-07T22:15:27.675153Z
Torneio 712,1,1730-05-07T22:15:27.675153Z,3710-09-07T22:15:27.675153Z
Torneio 713,1,1731-05-07T22:15:27.675153Z,3711-09-07T22:15:27.675153Z
Torneio 714,1,1732-05-07T22:15:27.675153Z,3712-09-07T22:15:27.675153Z
Torneio 715,1,1733-05-07T22:15:27.675153Z,3713-09-07T22:15:27.675153Z
Torneio 716,1,1734-05-07T22:15:27.675153Z,3714-09-07T22:15:27.675153Z
Torneio 717,1,1735-05-07T22:15:27.675153Z,3715-09-07T22:15:27.675153Z
Torneio 718,1,1736-05-07T22:15:27.675153Z,3716-09-07T22:15:27.675153Z
Torneio 719,1,1737-05-07T22:15:27.675153Z,3717-09-07T22:15:27.675153Z
Torneio 720,1,1738-05-07T22:15:27.675153Z,3718-09-07T22:15:27.675153Z
Torneio 721,1,1739-05-07T22:15:27.675153Z,3719-09-07T22:15:27.675153Z
Torneio 722,1,1740-05-07T22:15:27.675153Z,3720-09-07T22:15:27.675153Z
Torneio 723,1,1741-05-07T22:15:27.675153Z,3721-09-07T22:15:27.675153Z
Torneio 724,1,1742-05-07T22:15:27.675153Z,3722-09-07T22:15:27.675153Z
Torneio 725,1,1743-05-07T22:15:27.675153Z,3723-09-07T22:15:27.675153Z
Torneio 726,1,1744-05-07T22:15:27.675153Z,3724-09-07T22:15:27.675153Z
Torneio 727,1,1745-05-07T22:15:27.675153Z,3725-09-07T22:15:27.675153Z
Torneio 728,1,1746-05-07T22:15:27.675153Z,3726-09-07T22:15:27.675153Z
Torneio 729,1,1747-05-07T22:15:27.675153Z,3727-09-07T22:15:27.675153Z
Torneio 730,1,1748-05-07T22:15:27.675153Z,3728-09-07T22:15:27.675153Z
Torneio 731,1,1749-05-07T22:15:27.675153Z,3729-09-07T22:15:27.675153Z
Torneio 732,1,1750-05-07T22:15:27.675153Z,3730-09-07T22:15:27.675153Z
Torneio 733,1,1751-05-07T22:15:27.675153Z,3731-09-07T22:15:27.675153Z
Torneio 734,1,1752-05-07T22:15:27.675153Z,3732-09-07T22:15:27.675153Z
Torneio 735,1,1753-05-07T22:15:27.675153Z,3733-09-07T22:15:27.675153Z
Torneio 736,1,1754-05-07T22:15:27.675153Z,3734-09-07T22:15:27.675153Z
Torneio 737,1,1755-05-07T22:15:27.675153Z,3735-09-07T22:15:27.675153Z
Torneio 738,1,1756-05-07T22:15:27.675153Z,3736-09-07T22:15:27.675153Z
Torneio 739,1,1757-05-07T22:15:27.675153Z,3737-09-07T22:15:27.675153Z
Torneio 740,1,1758-05-07T22:15:27.675153Z,3738-09-07T22:15:27.675153Z
Torneio 741,1,1759-05-07T22:15:27.675153Z,3739-09-07T22:15:27.675153Z
Torneio 742,1,1760-05-07T22:15:27.675153Z,3740-09-07T22:15:27.675153Z
Torneio 743,1,1761-05-07T22:15:27.675153Z,3741-09-07T22:15:27.675153Z
Torneio 744,1,1762-05-07T22:15:27.675153Z,3742-09-07T22:15:27.675153Z
Torneio 745,1,1763-05-07T22:15:27.675153Z,3743-09-07T22:15:27.675153Z
Torneio 746,1,1764-05-07T22:15:27.675153Z,3744-09-07T22:15:27.675153Z
Torneio 747,1,1765-05-07T22:15:27.675153Z,3745-09-07T22:15:27.675153Z
Torneio 748,1,1766-05-07T22:15:27.675153Z,3746-09-07T22:15:27.675153Z
Torneio 749,1,1767-05-07T22:15:27.675153Z,3747-09-07T22:15:27.675153Z
Torneio 750,1,1768-05-07T22:15:27.675153Z,3748-09-07T22:15:27.675153Z
Torneio 751,1,1769-05-07T22:15:27.675153Z,3749-09-07T22:15:27.675153Z
Torneio 752,1,1770-05-07T22:15:27.675153Z,3750-09-07T22:15:27.675153Z
Torneio 753,1,1771-05-07T22:15:27.675153Z,3751-09-07T22:15:27.675153Z
Torneio 754,1,1772-05-07T22:15:27.675153Z,3752-09-07T22:15:27.675153Z
Torneio 755,1,1773-05-07T22:15:27.675153Z,3753-09-07T22:15:27.675153Z
Torneio 756,1,1774-05-07T22:15:27.675153Z,3754-09-07T22:15:27.675153Z
Torneio 757,1,1775-05-07T22:15:27.675153Z,3755-09-07T22:15:27.675153Z
Torneio 758,1,1776-05-07T22:15:27.675153Z,3756-09-07T22:15:27.675153Z
Torneio 759,1,1777-05-07T22:15:27.675153Z,3757-09-07T22:15:27.675153Z
Torneio 760,1,1778-05-07T22:15:27.675153Z,3758-09-07T22:15:27.675153Z
Torneio 761,1,1779-05-07T22:15:27.675153Z,3759-09-07T22:15:27.675153Z
Torneio 762,1,1780-05-07T22:15:27.675153Z,3760-09-07T22:15:27.675153Z
Torneio 763,1,1781-05-07T22:15:27.675153Z,3761-09-07T22:15:27.675153Z
Torneio 764,1,1782-05-07T22:15:27.675153Z,3762-09-07T22:15:27.675153Z
Torneio 765,1,1783-05-07T22:15:27.675153Z,3763-09-07T22:15:27.675153Z
Torneio 766,1,1784-05-07T22:15:27.675153Z,3764-09-07T22:15:27.675153Z
Torneio 767,1,1785-05-07T22:15:27.675153Z,3765-09-07T22:15:27.675153Z
Torneio 768,1,1786-05-07T22:15:27.675153Z,3766-09-07T22:15:27.675153Z
Torneio 769,1,1787-05-07T22:15:27.675153Z,3767-09-07T22:15:27.675153Z
Torneio 770,1,1788-05-07T22:15:27.675153Z,3768-09-07T22:15:27.675153Z
Torneio 771,1,1789-05-07T22:15:27.675153Z,3769-09-07T22:15:27.675153Z
Torneio 772,1,1790-05-07T22:15:27.675153Z,3770-09-07T22:15:27.675153Z
Torneio 773,1,1791-05-07T22:15:27.675153Z,3771-09-07T22:15:27.675153Z
Torneio 774,1,1792-05-07T22:15:27.675153Z,3772-09-07T22:15:27.675153Z
Torneio 775,1,1793-05-07T22:15:27.675153Z,3773-09-07T22:15:27.675153Z
Torneio 776,1,1794-05-07T22:15:27.675153Z,3774-09-07T22:15:27.675153Z
Torneio 777,1,1795-05-07T22:15:27.675153Z,3775-09-07T22:15:27.675153Z
Torneio 778,1,1796-05-07T22:15:27.675153Z,3776-09-07T22:15:27.675153Z
Torneio 779,1,1797-05-07T22:15:27.675153Z,3777-09-07T22:15:27.675153Z
Torneio 780,1,1798-05-07T22:15:27.675153Z,3778-09-07T22:15:27.675153Z
Torneio 781,1,1799-05-07T22:15:27.675153Z,3779-09-07T22:15:27.675153Z
Torneio 782,1,1800-05-07T22:15:27.675153Z,3780-09-07T22:15:27.675153Z
Torneio 783,1,1801-05-07T22:15:27.675153Z,3781-09-07T22:15:27.675153Z
Torneio 784,1,1802-05-07T22:15:27.675153Z,3782-09-07T22:15:27.675153Z
Torneio 785,1,1803-05-07T22:15:27.675153Z,3783-09-07T22:15:27.675153Z
Torneio 786,1,1804-05-07T22:15:27.675153Z,3784-09-07T22:15:27.675153Z
Torneio 787,1,1805-05-07T22:15:27.675153Z,3785-09-07T22:15:27.675153Z
Torneio 788,1,1806-05-07T22:15:27.675153Z,3786-09-07T22:15:27.675153Z
Torneio 789,1,1807-05-07T22:15:27.675153Z,3787-09-07T22:15:27.675153Z
Torneio 790,1,1808-05-07T22:15:27.675153Z,3788-09-07T22:15:27.675153Z
Torneio 791,1,1809-05-07T22:15:27.675153Z,3789-09-07T22:15:27.675153Z
Torneio 792,1,1810-05-07T22:15:27.675153Z,3790-09-07T22:15:27.675153Z
Torneio 793,1,1811-05-07T22:15:27.675153Z,3791-09-07T22:15:27.675153Z
Torneio 794,1,1812-05-07T22:15:27.675153Z,3792-09-07T22:15:27.675153Z
Torneio 795,1,1813-05-07T22:15:27.675153Z,3793-09-07T22:15:27.675153Z
Torneio 796,1,1814-05-07T22:15:27.675153Z,3794-09-07T22:15:27.675153Z
Torneio 797,1,1815-05-07T22:15:27.675153Z,3795-09-07T22:15:27.675153Z
Torneio 798,1,1816-05-07T22:15:27.675153Z,3796-09-07T22:15:27.675153Z
Torneio 799,1,1817-05-07T22:15:27.675153Z,3797-09-07T22:15:27.675153Z
Torneio 800,1,1818-05-07T22:15:27.675153Z,3798-09-07T22:15:27.675153Z
Torneio 801,1,1819-05-07T22:15:27.675153Z,3799-09-07T22:15:27.675153Z
Torneio 802,1,1820-05-07T22:15:27.675153Z,3800-09-07T22:15:27.675153Z
Torneio 803,1,1821-05-07T22:15:27.675153Z,3801-09-07T22:15:27.675153Z
Torneio 804,1,1822-05-07T22:15:27.675153Z,3802-09-07T22:15:27.675153Z
Torneio 805,1,1823-05-07T22:15:27.675153Z,3803-09-07T22:15:27.675153Z
Torneio 806,1,1824-05-07T22:15:27.675153Z,3804-09-07T22:15:27.675153Z
Torneio 807,1,1825-05-07T22:15:27.675153Z,3805-09-07T22:15:27.675153Z
Torneio 808,1,1826-05-07T22:15:27.675153Z,3806-09-07T22:15:27.675153Z
Torneio 809,1,1827-05-07T22:15:27.675153Z,3807-09-07T22:15:27.675153Z
Torneio 810,1,1828-05-07T22:15:27.675153Z,3808-09-07T22:15:27.675153Z
Torneio 811,1,1829-05-07T22:15:27.675153Z,3809-09-07T22:15:27.675153Z
Torneio 812,1,1830-05-07T22:15:27.675153Z,3810-09-07T22:15:27.675153Z
Torneio 813,1,1831-05-07T22:15:27.675153Z,3811-09-07T22:15:27.675153Z
Torneio 814,1,1832-05-07T22:15:27.675153Z,3812-09-07T22:15:27.675153Z
Torneio 815,1,1833-05-07T22:15:27.675153Z,3813-09-07T22:15:27.675153Z
Torneio 816,1,1834-05-07T22:15:27.675153Z,3814-09-07T22:15:27.675153Z
Torneio 817,1,1835-05-07T22:15:27.675153Z,3815-09-07T22:15:27.675153Z
Torneio 818,1,1836-05-07T22:15:27.675153Z,3816-09-07T22:15:27.675153Z
Torneio 819,1,1837-05-07T22:15:27.675153Z,3817-09-07T22:15:27.675153Z
Torneio 820,1,1838-05-07T22:15:27.675153Z,3818-09-07T22:15:27.675153Z
Torneio 821,1,1839-05-07T22:15:27.675153Z,3819-09-07T22:15:27.675153Z
Torneio 822,1,1840-05-07T22:15:27.675153Z,3820-09-07T22:15:27.675153Z
Torneio 823,1,1841-05-07T22:15:27.675153Z,3821-09-07T22:15:27.675153Z
Torneio 824,1,1842-05-07T22:15:27.675153Z,3822-09-07T22:15:27.675153Z
Torneio 825,1,1843-05-07T22:15:27.675153Z,3823-09-07T22:15:27.675153Z
Torneio 826,1,1844-05-07T22:15:27.675153Z,3824-09-07T22:15:27.675153Z
Torneio 827,1,1845-05-07T22:15:27.675153Z,3825-09-07T22:15:27.675153Z
Torneio 828,1,1846-05-07T22:15:27.675153Z,3826-09-07T22:15:27.675153Z
Torneio 829,1,1847-05-07T22:15:27.675153Z,3827-09-07T22:15:27.675153Z
Torneio 830,1,1848-05-07T22:15:27.675153Z,3828-09-07T22:15:27.675153Z
Torneio 831,1,1849-05-07T22:15:27.675153Z,3829-09-07T22:15:27.675153Z
Torneio 832,1,1850-05-07T22:15:27.675153Z,3830-09-07T22:15:27.675153Z
Torneio 833,1,1851-05-07T22:15:27.675153Z,3831-09-07T22:15:27.675153Z
Torneio 834,1,1852-05-07T22:15:27.675153Z,3832-09-07T22:15:27.675153Z
Torneio 835,1,1853-05-07T22:15:27.675153Z,3833-09-07T22:15:27.675153Z
Torneio 836,1,1854-05-07T22:15:27.675153Z,3834-09-07T22:15:27.675153Z
Torneio 837,1,1855-05-07T22:15:27.675153Z,3835-09-07T22:15:27.675153Z
Torneio 838,1,1856-05-07T22:15:27.675153Z,3836-09-07T22:15:27.675153Z
Torneio 839,1,1857-05-07T22:15:27.675153Z,3837-09-07T22:15:27.675153Z
Torneio 840,1,1858-05-07T22:15:27.675153Z,3838-09-07T22:15:27.675153Z
Torneio 841,1,1859-05-07T22:15:27.675153Z,3839-09-07T22:15:27.675153Z
Torneio 842,1,1860-05-07T22:15:27.675153Z,3840-09-07T22:15:27.675153Z
Torneio 843,1,1861-05-07T22:15:27.675153Z,3841-09-07T22:15:27.675153Z
Torneio 844,1,1862-05-07T22:15:27.675153Z,3842-09-07T22:15:27.675153Z
Torneio 845,1,1863-05-07T22:15:27.675153Z,3843-09-07T22:15:27.675153Z
Torneio 846,1,1864-05-07T22:15:27.675153Z,3844-09-07T22:15:27.675153Z
Torneio 847,1,1865-05-07T22:15:27.675153Z,3845-09-07T22:15:27.675153Z
Torneio 848,1,1866-05-07T22:15:27.675153Z,3846-09-07T22:15:27.675153Z
Torneio 849,1,1867-05-07T22:15:27.675153Z,3847-09-07T22:15:27.675153Z
Torneio 850,1,1868-05-07T22:15:27.675153Z,3848-09-07T22:15:27.675153Z
Torneio 851,1,1869-05-07T22:15:27.675153Z,3849-09-07T22:15:27.675153Z
Torneio 852,1,1870-05-07T22:15:27.675153Z,3850-09-07T22:15:27.675153Z
Torneio 853,1,1871-05-07T22:15:27.675153Z,3851-09-07T22:15:27.675153Z
Torneio 854,1,1872-05-07T22:15:27.675153Z,3852-09-07T22:15:27.675153Z
Torneio 855,1,1873-05-07T22:15:27.675153Z,3853-09-07T22:15:27.675153Z
Torneio 856,1,1874-05-07T22:15:27.675153Z,3854-09-07T22:15:27.675153Z
Torneio 857,1,1875-05-07T22:15:27.675153Z,3855-09-07T22:15:27.675153Z
Torneio 858,1,1876-05-07T22:15:27.675153Z,3856-09-07T22:15:27.675153Z
Torneio 859,1,1877-05-07T22:15:27.675153Z,3857-09-07T22:15:27.675153Z
Torneio 860,1,1878-05-07T22:15:27.675153Z,3858-09-07T22:15:27.675153Z
Torneio 861,1,1879-05-07T22:15:27.675153Z,3859-09-07T22:15:27.675153Z
Torneio 862,1,1880-05-07T22:15:27.675153Z,3860-09-07T22:15:27.675153Z
Torneio 863,1,1881-05-07T22:15:27.675153Z,3861-09-07T22:15:27.675153Z
Torneio 864,1,1882-05-07T22:15:27.675153Z,3862-09-07T22:15:27.675153Z
Torneio 865,1,1883-05-07T22:15:27.675153Z,3863-09-07T22:15:27.675153Z
Torneio 866,1,1884-05-07T22:15:27.675153Z,3864-09-07T22:15:27.675153Z
Torneio 867,1,1885-05-07T22:15:27.675153Z,3865-09-07T22:15:27.675153Z
Torneio 868,1,1886-05-07T22:15:27.675153Z,3866-09-07T22:15:27.675153Z
Torneio 869,1,1887-05-07T22:15:27.675153Z,3867-09-07T22:15:27.675153Z
Torneio 870,1,1888-05-07T22:15:27.675153Z,3868-09-07T22:15:27.675153Z
Torneio 871,1,1889-05-07T22:15:27.675153Z,3869-09-07T22:15:27.675153Z
Torneio 872,1,1890-05-07T22:15:27.675153Z,3870-09-07T22:15:27.675153Z
Torneio 873,1,1891-05-07T22:15:27.675153Z,3871-09-07T22:15:27.675153Z
Torneio 874,1,1892-05-07T22:15:27.675153Z,3872-09-07T22:15:27.675153Z
Torneio 875,1,1893-05-07T22:15:27.675153Z,3873-09-07T22:15:27.675153Z
Torneio 876,1,1894-05-07T22:15:27.675153Z,3874-09-07T22:15:27.675153Z
Torneio 877,1,1895-05-07T22:15:27.675153Z,3875-09-07T22:15:27.675153Z
Torneio 878,1,1896-05-07T22:15:27.675153Z,3876-09-07T22:15:27.675153Z
Torneio 879,1,1897-05-07T22:15:27.675153Z,3877-09-07T22:15:27.675153Z
Torneio 880,1,1898-05-07T22:15:27.675153Z,3878-09-07T22:15:27.675153Z
Torneio 881,1,1899-05-07T22:15:27.675153Z,3879-09-07T22:15:27.675153Z
Torneio 882,1,1900-05-07T22:15:27.675153Z,3880-09-07T22:15:27.675153Z
Torneio 883,1,1901-05-07T22:15:27.675153Z,3881-09-07T22:15:27.675153Z
Torneio 884,1,1902-05-07T22:15:27.675153Z,3882-09-07T22:15:27.675153Z
Torneio 885,1,1903-05-07T22:15:27.675153Z,3883-09-07T22:15:27.675153Z
Torneio 886,1,1904-05-07T22:15:27.675153Z,3884-09-07T22:15:27.675153Z
Torneio 887,1,1905-05-07T22:15:27.675153Z,3885-09-07T22:15:27.675153Z
Torneio 888,1,1906-05-07T22:15:27.675153Z,3886-09-07T22:15:27.675153Z
Torneio 889,1,1907-05-07T22:15:27.675153Z,3887-09-07T22:15:27.675153Z
Torneio 890,1,1908-05-07T22:15:27.675153Z,3888-09-07T22:15:27.675153Z
Torneio 891,1,1909-05-07T22:15:27.675153Z,3889-09-07T22:15:27.675153Z
Torneio 892,1,1910-05-07T22:15:27.675153Z,3890-09-07T22:15:27.675153Z
Torneio 893,1,1911-05-07T22:15:27.675153Z,3891-09-07T22:15:27.675153Z
Torneio 894,1,1912-05-07T22:15:27.675153Z,3892-09-07T22:15:27.675153Z
Torneio 895,1,1913-05-07T22:15:27.675153Z,3893-09-07T22:15:27.675153Z
Torneio 896,1,1914-05-07T22:15:27.675153Z,3894-09-07T22:15:27.675153Z
Torneio 897,1,1915-05-07T22:15:27.675153Z,3895-09-07T22:15:27.675153Z
Torneio 898,1,1916-05-07T22:15:27.675153Z,3896-09-07T22:15:27.675153Z
Torneio 899,1,1917-05-07T22:15:27.675153Z,3897-09-07T22:15:27.675153Z
Torneio 900,1,1918-05-07T22:15:27.675153Z,3898-09-07T22:15:27.675153Z
Torneio 901,1,1919-05-07T22:15:27.675153Z,3899-09-07T22:15:27.675153Z
Torneio 902,1,1920-05-07T22:15:27.675153Z,3900-09-07T22:15:27.675153Z
Torneio 903,1,1921-05-07T22:15:27.675153Z,3901-09-07T22:15:27.675153Z
Torneio 904,1,1922-05-07T22:15:27.675153Z,3902-09-07T22:15:27.675153Z
Torneio 905,1,1923-05-07T22:15:27.675153Z,3903-09-07T22:15:27.675153Z
Torneio 906,1,1924-05-07T22:15:27.675153Z,3904-09-07T22:15:27.675153Z
Torneio 907,1,1925-05-07T22:15:27.675153Z,3905-09-07T22:15:27.675153Z
Torneio 908,1,1926-05-07T22:15:27.675153Z,3906-09-07T22:15:27.675153Z
Torneio 909,1,1927-05-07T22:15:27.675153Z,3907-09-07T22:15:27.675153Z
Torneio 910,1,1928-05-07T22:15:27.675153Z,3908-09-07T22:15:27.675153Z
Torneio 911,1,1929-05-07T22:15:27.675153Z,3909-09-07T22:15:27.675153Z
Torneio 912,1,1930-05-07T22:15:27.675153Z,3910-09-07T22:15:27.675153Z
Torneio 913,1,1931-05-07T22:15:27.675153Z,3911-09-07T22:15:27.675153Z
Torneio 914,1,1932-05-07T22:15:27.675153Z,3912-09-07T22:15:27.675153Z
Torneio 915,1,1933-05-07T22:15:27.675153Z,3913-09-07T22:15:27.675153Z
Torneio 916,1,1934-05-07T22:15:27.675153Z,3914-09-07T22:15:27.675153Z
Torneio 917,1,1935-05-07T22:15:27.675153Z,3915-09-07T22:15:27.675153Z
Torneio 918,1,1936-05-07T22:15:27.675153Z,3916-09-07T22:15:27.675153Z
Torneio 919,1,1937-05-07T22:15:27.675153Z,3917-09-07T22:15:27.675153Z
Torneio 920,1,1938-05-07T22:15:27.675153Z,3918-09-07T22:15:27.675153Z
Torneio 921,1,1939-05-07T22:15:27.675153Z,3919-09-07T22:15:27.675153Z
Torneio 922,1,1940-05-07T22:15:27.675153Z,3920-09-07T22:15:27.675153Z
Torneio 923,1,1941-05-07T22:15:27.675153Z,3921-09-07T22:15:27.675153Z
Torneio 924,1,1942-05-07T22:15:27.675153Z,3922-09-07T22:15:27.675153Z
Torneio 925,1,1943-05-07T22:15:27.675153Z,3923-09-07T22:15:27.675153Z
Torneio 926,1,1944-05-07T22:15:27.675153Z,3924-09-07T22:15:27.675153Z
Torneio 927,1,1945-05-07T22:15:27.675153Z,3925-09-07T22:15:27.675153Z
Torneio 928,1,1946-05-07T22:15:27.675153Z,3926-09-07T22:15:27.675153Z
Torneio 929,1,1947-05-07T22:15:27.675153Z,3927-09-07T22:15:27.675153Z
Torneio 930,1,1948-05-07T22:15:27.675153Z,3928-09-07T22:15:27.675153Z
Torneio 931,1,1949-05-07T22:15:27.675153Z,3929-09-07T22:15:27.675153Z
Torneio 932,1,1950-05-07T22:15:27.675153Z,3930-09-07T22:15:27.675153Z
Torneio 933,1,1951-05-07T22:15:27.675153Z,3931-09-07T22:15:27.675153Z
Torneio 934,1,1952-05-07T22:15:27.675153Z,3932-09-07T22:15:27.675153Z
Torneio 935,1,1953-05-07T22:15:27.675153Z,3933-09-07T22:15:27.675153Z
Torneio 936,1,1954-05-07T22:15:27.675153Z,3934-09-07T22:15:27.675153Z
Torneio 937,1,1955-05-07T22:15:27.675153Z,3935-09-07T22:15:27.675153Z
Torneio 938,1,1956-05-07T22:15:27.675153Z,3936-09-07T22:15:27.675153Z
Torneio 939,1,1957-05-07T22:15:27.675153Z,3937-09-07T22:15:27.675153Z
Torneio 940,1,1958-05-07T22:15:27.675153Z,3938-09-07T22:15:27.675153Z
Torneio 941,1,1959-05-07T22:15:27.675153Z,3939-09-07T22:15:27.675153Z
Torneio 942,1,1960-05-07T22:15:27.675153Z,3940-09-07T22:15:27.675153Z
Torneio 943,1,1961-05-07T22:15:27.675153Z,3941-09-07T22:15:27.675153Z
Torneio 944,1,1962-05-07T22:15:27.675153Z,3942-09-07T22:15:27.675153Z
Torneio 945,1,1963-05-07T22:15:27.675153Z,3943-09-07T22:15:27.675153Z
Torneio 946,1,1964-05-07T22:15:27.675153Z,3944-09-07T22:15:27.675153Z
Torneio 947,1,1965-05-07T22:15:27.675153Z,3945-09-07T22:15:27.675153Z
Torneio 948,1,1966-05-07T22:15:27.675153Z,3946-09-07T22:15:27.675153Z
Torneio 949,1,1967-05-07T22:15:27.675153Z,3947-09-07T22:15:27.675153Z
Torneio 950,1,1968-05-07T22:15:27.675153Z,3948-09-07T22:15:27.675153Z
Torneio 951,1,1969-05-07T22:15:27.675153Z,3949-09-07T22:15:27.675153Z
Torneio 952,1,1970-05-07T22:15:27.675153Z,3950-09-07T22:15:27.675153Z
Torneio 953,1,1971-05-07T22:15:27.675153Z,3951-09-07T22:15:27.675153Z
Torneio 954,1,1972-05-07T22:15:27.675153Z,3952-09-07T22:15:27.675153Z
Torneio 955,1,1973-05-07T22:15:27.675153Z,3953-09-07T22:15:27.675153Z
Torneio 956,1,1974-05-07T22:15:27.675153Z,3954-09-07T22:15:27.675153Z
Torneio 957,1,1975-05-07T22:15:27.675153Z,3955-09-07T22:15:27.675153Z
Torneio 958,1,1976-05-07T22:15:27.675153Z,3956-09-07T22:15:27.675153Z
Torneio 959,1,1977-05-07T22:15:27.675153Z,3957-09-07T22:15:27.675153Z
Torneio 960,1,1978-05-07T22:15:27.675153Z,3958-09-07T22:15:27.675153Z
Torneio 961,1,1979-05-07T22:15:27.675153Z,3959-09-07T22:15:27.675153Z
Torneio 962,1,1980-05-07T22:15:27.675153Z,3960-09-07T22:15:27.675153Z
Torneio 963,1,1981-05-07T22:15:27.675153Z,3961-09-07T22:15:27.675153Z
Torneio 964,1,1982-05-07T22:15:27.675153Z,3962-09-07T22:15:27.675153Z
Torneio 965,1,1983-05-07T22:15:27.675153Z,3963-09-07T22:15:27.675153Z
Torneio 966,1,1984-05-07T22:15:27.675153Z,3964-09-07T22:15:27.675153Z
Torneio 967,1,1985-05-07T22:15:27.675153Z,3965-09-07T22:15:27.675153Z
Torneio 968,1,1986-05-07T22:15:27.675153Z,3966-09-07T22:15:27.675153Z
Torneio 969,1,1987-05-07T22:15:27.675153Z,3967-09-07T22:15:27.675153Z
Torneio 970,1,1988-05-07T22:15:27.675153Z,3968-09-07T22:15:27.675153Z
Torneio 971,1,1989-05-07T22:15:27.675153Z,3969-09-07T22:15:27.675153Z
Torneio 972,1,1990-05-07T22:15:27.675153Z,3970-09-07T22:15:27.675153Z
Torneio 973,1,1991-05-07T22:15:27.675153Z,3971-09-07T22:15:27.675153Z
Torneio 974,1,1992-05-07T22:15:27.675153Z,3972-09-07T22:15:27.675153Z
Torneio 975,1,1993-05-07T22:15:27.675153Z,3973-09-07T22:15:27.675153Z
Torneio 976,1,1994-05-07T22:15:27.675153Z,3974-09-07T22:15:27.675153Z
Torneio 977,1,1995-05-07T22:15:27.675153Z,3975-09-07T22:15:27.675153Z
Torneio 978,1,1996-05-07T22:15:27.675153Z,3976-09-07T22:15:27.675153Z
Torneio 979,1,1997-05-07T22:15:27.675153Z,3977-09-07T22:15:27.675153Z
Torneio 980,1,1998-05-07T22:15:27.675153Z,3978-09-07T22:15:27.675153Z
Torneio 981,1,1999-05-07T22:15:27.675153Z,3979-09-07T22:15:27.675153Z
Torneio 982,1,2000-05-07T22:15:27.675153Z,3980-09-07T22:15:27.675153Z
Torneio 983,1,2001-05-07T22:15:27.675153Z,3981-09-07T22:15:27.675153Z
Torneio 984,1,2002-05-07T22:15:27.675153Z,3982-09-07T22:15:27.675153Z
Torneio 985,1,2003-05-07T22:15:27.675153Z,3983-09-07T22:15:27.675153Z
Torneio 986,1,2004-05-07T22:15:27.675153Z,3984-09-07T22:15:27.675153Z
Torneio 987,1,2005-05-07T22:15:27.675153Z,3985-09-07T22:15:27.675153Z
Torneio 988,1,2006-05-07T22:15:27.675153Z,3986-09-07T22:15:27.675153Z
Torneio 989,1,2007-05-07T22:15:27.675153Z,3987-09-07T22:15:27.675153Z
Torneio 990,1,2008-05-07T22:15:27.675153Z,3988-09-07T22:15:27.675153Z
Torneio 991,1,2009-05-07T22:15:27.675153Z,3989-09-07T22:15:27.675153Z
Torneio 992,1,2010-05-07T22:15:27.675153Z,3990-09-07T22:15:27.675153Z
Torneio 993,1,2011-05-07T22:15:27.675153Z,3991-09-07T22:15:27.675153Z
Torneio 994,1,2012-05-07T22:15:27.675153Z,3992-09-07T22:15:27.675153Z
Torneio 995,1,2013-05-07T22:15:27.675153Z,3993-09-07T22:15:27.675153Z
Torneio 996,1,2014-05-07T22:15:27.675153Z,3994-09-07T22:15:27.675153Z
Torneio 997,1,2015-05-07T22:15:27.675153Z,3995-09-07T22:15:27.675153Z
Torneio 998,1,2016-05-07T22:15:27.675153Z,3996-09-07T22:15:27.675153Z
Torneio 999,1,2017-05-07T22:15:27.675153Z,3997-09-07T22:15:27.675153Z
Torneio 1000,1,2018-05-07T22:15:27.675153Z,3998-09-07T22:15:27.675153Z
